transaction_id,account_id,transaction_amount,merchant_category,transaction_type,location,timestamp,fraud_flag,customer_id,account_type,balance,account_open_date,age,occupation,annual_income,city,hour,day_of_week,account_tx_frequency,account_avg_spending,unusual_tx_amount_ratio,location_deviation,merchant_risk_score,amount_to_balance_ratio
T0001,A100,34263,Restaurant,Debit,Delhi,2026-02-01 20:00:00,0,C100,Current,406506,2021-07-29,29,Manager,1653713,Delhi,20,6,4,21096.5,1.6241082636342008,0,0.0875,0.08428657879381149
T0002,A031,17907,Groceries,Debit,Mumbai,2026-01-22 10:00:00,0,C031,Savings,476295,2020-01-17,34,Manager,1346963,Bangalore,10,3,5,21934.2,0.816396312235506,1,0.0,0.03759644757896689
T0003,A030,25202,Groceries,Credit,Bangalore,2026-02-14 04:00:00,0,C030,Savings,166616,2018-09-19,34,Analyst,1805575,Delhi,4,5,10,32561.0,0.7739934274825732,1,0.0,0.15125798241757948
T0004,A043,35660,Entertainment,Credit,Bangalore,2026-01-30 13:00:00,0,C043,Savings,455150,2022-11-22,38,Consultant,1644194,Delhi,13,4,8,34359.5,1.0378497937869149,1,0.038461538461538464,0.07834779742769751
T0005,A099,77728,Restaurant,Credit,Hyderabad,2026-03-02 22:00:00,1,C099,Savings,445330,2019-06-15,41,Doctor,857034,Bangalore,22,0,3,39361.666666666664,1.9747131298705052,1,0.0875,0.17454022859060606
T0006,A046,19669,Entertainment,Credit,Chennai,2026-02-18 12:00:00,0,C046,Savings,121876,2019-09-18,37,Analyst,1897950,Mumbai,12,2,2,31686.0,0.6207473330111888,1,0.038461538461538464,0.16138534246599942
T0007,A096,48244,Restaurant,Debit,Delhi,2026-02-04 19:00:00,0,C096,Current,440457,2022-07-28,60,Engineer,1179178,Pune,19,2,5,37708.0,1.2794102043917974,1,0.0875,0.10953169094577832
T0008,A056,31927,Shopping,Credit,Mumbai,2026-01-02 12:00:00,0,C056,Current,233796,2022-02-01,51,Analyst,646296,Delhi,12,4,11,23403.727272727272,1.3641844144869688,1,0.029850746268656716,0.1365592225642629
T0009,A060,65822,Fuel,Debit,Hyderabad,2026-02-09 17:00:00,1,C060,Savings,195956,2020-11-30,44,Business,1385435,Bangalore,17,0,4,40365.25,1.6306600351464042,1,0.029850746268656716,0.335901937152427
T0010,A083,28189,Travel,Credit,Delhi,2026-01-09 14:00:00,0,C083,Savings,243769,2021-06-05,31,Business,304520,Bangalore,14,4,6,28031.0,1.0056366162442878,1,0.06666666666666667,0.11563816563567812
T0011,A028,29899,Restaurant,Credit,Bangalore,2026-01-21 10:00:00,0,C028,Current,310402,2018-03-15,24,Doctor,367319,Kolkata,10,2,4,22719.0,1.316035036174112,1,0.0875,0.09632347729407917
T0012,A033,5467,Groceries,Credit,Mumbai,2026-01-31 00:00:00,0,C033,Savings,190429,2019-05-27,36,Manager,1477274,Chennai,0,5,4,23276.25,0.23487460384087874,1,0.0,0.028708862619206695
T0013,A084,42033,Electronics,Debit,Hyderabad,2026-02-19 20:00:00,1,C084,Savings,381620,2020-04-28,37,Consultant,1946535,Bangalore,20,3,5,35632.6,1.1796220311794194,1,0.1323529411764706,0.1101435983410161
T0014,A080,10086,Groceries,Debit,Bangalore,2026-01-16 04:00:00,0,C080,Savings,427871,2019-09-28,55,Consultant,330949,Hyderabad,4,4,4,22699.0,0.44433675472737266,1,0.0,0.023572525363402225
T0015,A090,16893,Fuel,Debit,Mumbai,2026-02-19 11:00:00,0,C090,Current,31328,2022-07-05,24,Analyst,1299897,Chennai,11,3,8,25083.5,0.6734706079002251,1,0.029850746268656716,0.5392300815439127
T0016,A040,7184,Fuel,Credit,Bangalore,2026-02-07 00:00:00,0,C040,Current,425602,2023-03-22,59,Business,1409633,Delhi,0,5,5,29097.2,0.24689660852353607,1,0.029850746268656716,0.016879619926201482
T0017,A092,13097,Shopping,Debit,Hyderabad,2026-01-05 18:00:00,0,C092,Savings,244317,2022-10-04,26,Consultant,689703,Hyderabad,18,0,5,21381.4,0.6125417416013256,0,0.029850746268656716,0.0536065848854723
T0018,A090,19864,Groceries,Debit,Delhi,2026-02-24 21:00:00,0,C090,Current,31328,2022-07-05,24,Analyst,1299897,Chennai,21,1,8,25083.5,0.7919150035713058,1,0.0,0.634065372627022
T0019,A069,28174,Shopping,Credit,Hyderabad,2026-02-12 11:00:00,0,C069,Savings,327707,2022-03-13,57,Business,809602,Kolkata,11,3,2,17198.0,1.638213744831833,1,0.029850746268656716,0.08597314063825388
T0020,A054,32225,Shopping,Credit,Mumbai,2026-01-07 13:00:00,0,C054,Current,25057,2021-04-04,52,Consultant,445149,Kolkata,13,2,3,37141.333333333336,0.8676317487612277,1,0.029850746268656716,1.2860677649814152
T0021,A056,11643,Travel,Credit,Bangalore,2026-02-16 16:00:00,0,C056,Current,233796,2022-02-01,51,Analyst,646296,Delhi,16,0,11,23403.727272727272,0.49748486039627204,1,0.06666666666666667,0.049799825486757696
T0022,A056,48008,Electronics,Debit,Delhi,2026-02-07 08:00:00,0,C056,Current,233796,2022-02-01,51,Analyst,646296,Delhi,8,5,11,23403.727272727272,2.0512971895477308,0,0.1323529411764706,0.2053414087407252
T0023,A058,16081,Shopping,Credit,Delhi,2026-02-18 14:00:00,0,C058,Savings,138547,2023-01-17,34,Analyst,1883905,Pune,14,2,10,20025.2,0.8030381715023879,1,0.029850746268656716,0.11606891523338154
T0024,A004,32494,Electronics,Credit,Delhi,2026-02-24 10:00:00,0,C004,Savings,270229,2021-01-06,26,Analyst,1184834,Hyderabad,10,1,6,30908.666666666668,1.0512908997310493,1,0.1323529411764706,0.12024616158442483
T0025,A044,18427,Travel,Debit,Chennai,2026-02-26 19:00:00,0,C044,Savings,109633,2020-08-21,28,Teacher,1211768,Mumbai,19,3,3,18869.0,0.9765753346883379,1,0.06666666666666667,0.16807895431411354
T0026,A025,5710,Fuel,Debit,Bangalore,2026-01-16 23:00:00,0,C025,Current,299076,2020-06-23,55,Manager,813405,Mumbai,23,4,5,14750.0,0.3871186438053433,1,0.029850746268656716,0.019092137115011162
T0027,A083,46751,Groceries,Credit,Mumbai,2026-02-01 14:00:00,0,C083,Savings,243769,2021-06-05,31,Business,304520,Bangalore,14,6,6,28031.0,1.6678320425001492,1,0.0,0.191784025032232
T0028,A052,45436,Travel,Credit,Chennai,2026-01-16 09:00:00,0,C052,Savings,464820,2018-02-26,40,Doctor,421477,Mumbai,9,4,6,33039.333333333336,1.3752093460193273,1,0.06666666666666667,0.09774966653548148
T0029,A068,22628,Travel,Credit,Delhi,2026-01-28 23:00:00,0,C068,Current,360109,2021-09-23,55,Doctor,1816980,Chennai,23,2,1,22628.0,0.9999999995580696,1,0.06666666666666667,0.06283653004887862
T0030,A040,16575,Travel,Debit,Chennai,2026-01-15 03:00:00,0,C040,Current,425602,2023-03-22,59,Business,1409633,Delhi,3,3,5,29097.2,0.5696424396266161,1,0.06666666666666667,0.038944835784631066
T0031,A098,45330,Restaurant,Credit,Chennai,2026-01-12 06:00:00,0,C098,Current,240966,2018-11-22,37,Doctor,1704517,Pune,6,0,7,29484.14285714286,1.5374365876688167,1,0.0875,0.188117825743544
T0032,A098,34482,Entertainment,Debit,Delhi,2026-02-08 09:00:00,0,C098,Current,240966,2018-11-22,37,Doctor,1704517,Pune,9,6,7,29484.14285714286,1.1695100025589265,1,0.038461538461538464,0.14309902641272632
T0033,A030,75005,Electronics,Credit,Hyderabad,2026-01-12 09:00:00,1,C030,Savings,166616,2018-09-19,34,Analyst,1805575,Delhi,9,0,10,32561.0,2.303522618376732,1,0.1323529411764706,0.4501668506956015
T0034,A007,36364,Shopping,Credit,Hyderabad,2026-01-19 22:00:00,0,C007,Current,154415,2019-05-16,33,Manager,1662906,Pune,22,0,9,31656.333333333332,1.1487116845027183,1,0.029850746268656716,0.23549525627461743
T0035,A002,37721,Travel,Debit,Hyderabad,2026-01-19 15:00:00,0,C002,Savings,9883,2022-03-20,36,Doctor,592632,Pune,15,0,6,36847.5,1.0237058142279107,1,0.06666666666666667,3.81675604187316
T0036,A033,31408,Groceries,Debit,Mumbai,2026-01-08 02:00:00,0,C033,Savings,190429,2019-05-27,36,Manager,1477274,Chennai,2,3,4,23276.25,1.3493582508568356,1,0.0,0.16493286210792826
T0037,A020,36986,Electronics,Debit,Chennai,2026-03-02 09:00:00,0,C020,Savings,53390,2023-02-03,39,Engineer,788197,Kolkata,9,0,6,29383.666666666668,1.2587265029578587,1,0.1323529411764706,0.6927514514529403
T0038,A098,27374,Electronics,Credit,Bangalore,2026-02-08 19:00:00,0,C098,Current,240966,2018-11-22,37,Doctor,1704517,Pune,19,6,7,29484.14285714286,0.9284312629791791,1,0.1323529411764706,0.11360108894559394
T0039,A057,19587,Travel,Debit,Chennai,2026-02-25 18:00:00,0,C057,Savings,206953,2021-05-26,54,Consultant,1572119,Bangalore,18,2,8,24781.375,0.7903919775273196,1,0.06666666666666667,0.09464467777250658
T0040,A095,6603,Travel,Debit,Mumbai,2026-03-02 06:00:00,0,C095,Current,326206,2022-12-31,36,Analyst,1546797,Hyderabad,6,0,8,29633.625,0.2228212038780874,1,0.06666666666666667,0.02024181038913319
T0041,A031,11491,Restaurant,Credit,Chennai,2026-02-05 02:00:00,0,C031,Savings,476295,2020-01-17,34,Manager,1346963,Bangalore,2,3,5,21934.2,0.5238850742111018,1,0.0875,0.024125804385430754
T0042,A061,19187,Travel,Credit,Hyderabad,2026-01-03 07:00:00,0,C061,Savings,353251,2020-06-02,28,Doctor,771224,Hyderabad,7,5,7,13761.42857142857,1.394259315918217,0,0.06666666666666667,0.05431548672036836
T0043,A088,15397,Shopping,Debit,Bangalore,2026-03-01 08:00:00,0,C088,Savings,413116,2022-03-18,24,Analyst,1842952,Chennai,8,6,7,18792.428571428572,0.8193193302975184,1,0.029850746268656716,0.03727040346930958
T0044,A015,35788,Travel,Debit,Hyderabad,2026-01-15 20:00:00,0,C015,Savings,147788,2021-02-07,23,Manager,1263483,Chennai,20,3,3,44154.666666666664,0.810514554714372,1,0.06666666666666667,0.24215768531665918
T0045,A008,10973,Entertainment,Credit,Bangalore,2026-02-20 09:00:00,0,C008,Current,442122,2018-11-20,55,Business,762297,Bangalore,9,4,5,27308.6,0.40181481276893916,0,0.038461538461538464,0.024818941377610277
T0046,A016,30816,Travel,Credit,Bangalore,2026-02-14 09:00:00,0,C016,Savings,381235,2019-08-01,28,Business,465255,Chennai,9,5,4,15774.0,1.9535945213936894,1,0.06666666666666667,0.08083203273359392
T0047,A011,39292,Fuel,Credit,Hyderabad,2026-01-03 13:00:00,0,C011,Current,493508,2022-08-01,48,Teacher,882738,Mumbai,13,5,6,21242.333333333332,1.8497026369436649,1,0.029850746268656716,0.07961775695470756
T0048,A012,15102,Groceries,Credit,Chennai,2026-02-13 18:00:00,0,C012,Savings,497269,2021-09-20,34,Consultant,1005889,Hyderabad,18,4,10,20200.8,0.7475941543168617,1,0.0,0.030369880285512067
T0049,A006,49662,Restaurant,Credit,Mumbai,2026-01-12 15:00:00,0,C006,Savings,465990,2019-12-16,53,Analyst,355649,Chennai,15,0,8,35631.5,1.3937667509384204,1,0.0875,0.10657310242480368
T0050,A075,28666,Restaurant,Credit,Bangalore,2026-02-10 15:00:00,0,C075,Current,421145,2019-03-14,42,Consultant,529153,Mumbai,15,1,2,38070.0,0.752981349946682,1,0.0875,0.06806681784021971
T0051,A043,21140,Travel,Credit,Bangalore,2026-02-12 03:00:00,0,C043,Savings,455150,2022-11-22,38,Consultant,1644194,Delhi,3,3,8,34359.5,0.6152592439892142,1,0.06666666666666667,0.046446226517709625
T0052,A037,43523,Fuel,Debit,Bangalore,2026-03-02 12:00:00,0,C037,Savings,467115,2018-11-29,24,Consultant,529950,Mumbai,12,0,3,29751.0,1.4629088092961888,1,0.029850746268656716,0.09317405777820935
T0053,A012,20712,Entertainment,Credit,Chennai,2026-01-17 10:00:00,0,C012,Savings,497269,2021-09-20,34,Consultant,1005889,Hyderabad,10,5,10,20200.8,1.025305927970523,1,0.038461538461538464,0.04165150049486995
T0054,A001,43200,Groceries,Debit,Chennai,2026-02-25 17:00:00,0,C001,Current,492073,2020-07-25,28,Engineer,1855144,Delhi,17,2,3,29504.333333333332,1.464191700157878,1,0.0,0.08779185202017196
T0055,A047,40904,Entertainment,Debit,Mumbai,2026-02-18 15:00:00,0,C047,Savings,213910,2018-02-18,53,Engineer,1611349,Delhi,15,2,4,31837.25,1.2847843324141424,1,0.038461538461538464,0.19122060678831188
T0056,A035,36093,Shopping,Credit,Hyderabad,2026-01-09 09:00:00,0,C035,Savings,490366,2022-03-15,58,Business,1059161,Mumbai,9,4,4,23056.5,1.5654153919435234,1,0.029850746268656716,0.07360420583658728
T0057,A004,41389,Travel,Debit,Chennai,2026-02-08 07:00:00,0,C004,Savings,270229,2021-01-06,26,Analyst,1184834,Hyderabad,7,6,6,30908.666666666668,1.3390742613703575,1,0.06666666666666667,0.15316268793678092
T0058,A053,6208,Groceries,Debit,Bangalore,2026-01-15 03:00:00,0,C053,Current,98620,2023-06-11,57,Engineer,479628,Pune,3,3,6,16878.5,0.36780519574144316,1,0.0,0.06294869194251179
T0059,A092,19227,Entertainment,Credit,Bangalore,2026-02-02 22:00:00,0,C092,Savings,244317,2022-10-04,26,Consultant,689703,Hyderabad,22,0,5,21381.4,0.8992395255225385,1,0.038461538461538464,0.07869693880987828
T0060,A032,30035,Fuel,Debit,Hyderabad,2026-02-05 04:00:00,0,C032,Savings,362599,2020-01-03,50,Doctor,855493,Mumbai,4,3,6,22097.0,1.359234284581964,1,0.029850746268656716,0.08283255055632165
T0061,A036,27293,Groceries,Credit,Delhi,2026-01-22 16:00:00,0,C036,Savings,458302,2023-03-20,29,Analyst,1334977,Hyderabad,16,3,3,27114.333333333332,1.0065893803990795,1,0.0,0.05955243485606538
T0062,A076,38105,Restaurant,Credit,Delhi,2026-02-12 15:00:00,0,C076,Savings,350427,2023-01-20,33,Doctor,1424672,Bangalore,15,3,7,26233.85714285714,1.4525122927205527,1,0.0875,0.1087387672722496
T0063,A043,36270,Travel,Debit,Mumbai,2026-02-18 17:00:00,0,C043,Savings,455150,2022-11-22,38,Consultant,1644194,Delhi,17,2,8,34359.5,1.055603253523595,1,0.06666666666666667,0.07968801493837882
T0064,A074,88804,Restaurant,Credit,Bangalore,2026-01-15 13:00:00,1,C074,Current,359223,2020-06-23,27,Engineer,1144358,Pune,13,3,6,36237.5,2.4506105546876547,1,0.0875,0.24721134225126978
T0065,A085,42830,Electronics,Credit,Hyderabad,2026-01-10 15:00:00,0,C085,Current,264196,2021-11-27,39,Business,1760858,Pune,15,5,8,29960.875,1.4295310128861287,1,0.1323529411764706,0.16211449075072618
T0066,A057,49447,Restaurant,Debit,Hyderabad,2026-02-03 14:00:00,1,C057,Savings,206953,2021-05-26,54,Consultant,1572119,Bangalore,14,1,8,24781.375,1.9953291526417203,1,0.0875,0.238928645622971
T0067,A061,17468,Shopping,Debit,Delhi,2026-01-22 19:00:00,0,C061,Savings,353251,2020-06-02,28,Doctor,771224,Hyderabad,19,3,7,13761.42857142857,1.269344959110826,1,0.029850746268656716,0.04944925845788266
T0068,A087,35071,Entertainment,Credit,Chennai,2026-01-25 10:00:00,0,C087,Savings,473010,2021-09-05,30,Doctor,922241,Mumbai,10,6,2,41316.5,0.848837631249298,1,0.038461538461538464,0.07414430984389031
T0069,A005,40565,Travel,Debit,Hyderabad,2026-01-05 07:00:00,0,C005,Savings,494296,2019-06-28,22,Engineer,758517,Mumbai,7,0,4,31623.25,1.2827587293264422,1,0.06666666666666667,0.08206621133729453
T0070,A056,6551,Groceries,Credit,Mumbai,2026-02-18 20:00:00,0,C056,Current,233796,2022-02-01,51,Analyst,646296,Delhi,20,2,11,23403.727272727272,0.27991267890199933,1,0.0,0.02802015432137333
T0071,A089,43677,Travel,Credit,Delhi,2026-02-27 00:00:00,1,C089,Savings,97215,2020-05-20,24,Manager,957676,Hyderabad,0,4,5,19939.0,2.190531118817127,1,0.06666666666666667,0.44928251808370284
T0072,A056,9640,Shopping,Debit,Mumbai,2026-01-16 16:00:00,0,C056,Current,233796,2022-02-01,51,Analyst,646296,Delhi,16,4,11,23403.727272727272,0.4119002022004692,1,0.029850746268656716,0.0412325275008455
T0073,A023,5275,Electronics,Credit,Chennai,2026-02-09 12:00:00,0,C023,Savings,339030,2019-11-15,34,Manager,859893,Pune,12,0,7,24857.571428571428,0.2122089848171892,1,0.1323529411764706,0.015559095064874521
T0074,A019,15316,Travel,Debit,Bangalore,2026-01-30 20:00:00,0,C019,Current,479657,2020-09-27,25,Engineer,1686769,Mumbai,20,4,7,24537.428571428572,0.624189284919288,1,0.06666666666666667,0.031931150800844535
T0075,A037,44507,Travel,Credit,Bangalore,2026-02-04 05:00:00,0,C037,Savings,467115,2018-11-29,24,Consultant,529950,Mumbai,5,2,3,29751.0,1.4959833277886514,1,0.06666666666666667,0.09528060541632616
T0076,A089,16490,Restaurant,Credit,Hyderabad,2026-01-30 09:00:00,0,C089,Savings,97215,2020-05-20,24,Manager,957676,Hyderabad,9,4,5,19939.0,0.8270224179612706,0,0.0875,0.16962402919615038
T0077,A031,25093,Shopping,Credit,Hyderabad,2026-02-06 11:00:00,0,C031,Savings,476295,2020-01-17,34,Manager,1346963,Bangalore,11,4,5,21934.2,1.1440125460951334,1,0.029850746268656716,0.05268373591885945
T0078,A085,26039,Shopping,Debit,Chennai,2026-01-18 00:00:00,0,C085,Current,264196,2021-11-27,39,Business,1760858,Pune,0,6,8,29960.875,0.8691001177805722,1,0.029850746268656716,0.09855940286383746
T0079,A096,32653,Electronics,Credit,Mumbai,2026-02-23 09:00:00,0,C096,Current,440457,2022-07-28,60,Engineer,1179178,Pune,9,0,5,37708.0,0.8659435661223231,1,0.1323529411764706,0.07413436498740775
T0080,A082,12560,Shopping,Debit,Hyderabad,2026-02-09 08:00:00,0,C082,Savings,254108,2018-04-05,51,Doctor,1141042,Hyderabad,8,0,7,18902.428571428572,0.6644648832235273,0,0.029850746268656716,0.0494278023498108
T0081,A081,42458,Groceries,Credit,Mumbai,2026-01-03 09:00:00,0,C081,Savings,17805,2019-02-12,36,Doctor,1152312,Bangalore,9,5,2,27251.5,1.5580059807504152,1,0.0,2.384611062968486
T0082,A012,19440,Electronics,Debit,Chennai,2026-01-21 23:00:00,0,C012,Savings,497269,2021-09-20,34,Consultant,1005889,Hyderabad,23,2,10,20200.8,0.9623381247463774,1,0.1323529411764706,0.03909352885381768
T0083,A047,34889,Travel,Credit,Delhi,2026-02-02 08:00:00,0,C047,Savings,213910,2018-02-18,53,Engineer,1611349,Delhi,8,0,4,31837.25,1.095854698161476,0,0.06666666666666667,0.16310130427922487
T0084,A096,22298,Groceries,Debit,Mumbai,2026-02-21 03:00:00,0,C096,Current,440457,2022-07-28,60,Engineer,1179178,Pune,3,5,5,37708.0,0.5913334038953714,1,0.0,0.050624692080029954
T0085,A087,47562,Entertainment,Credit,Hyderabad,2026-02-13 12:00:00,0,C087,Savings,473010,2021-09-05,30,Doctor,922241,Mumbai,12,4,2,41316.5,1.1511623682666337,1,0.038461538461538464,0.10055178537239061
T0086,A051,1012,Travel,Credit,Chennai,2026-01-17 17:00:00,0,C051,Current,497430,2022-09-24,52,Engineer,534603,Delhi,17,5,5,37557.6,0.026945278711380576,1,0.06666666666666667,0.0020344571095021516
T0087,A049,41947,Electronics,Credit,Hyderabad,2026-03-02 11:00:00,0,C049,Current,189101,2018-05-23,44,Consultant,638792,Chennai,11,0,6,27390.666666666668,1.531434064572567,1,0.1323529411764706,0.22182325845861084
T0088,A080,36892,Groceries,Credit,Delhi,2026-01-21 19:00:00,0,C080,Savings,427871,2019-09-28,55,Consultant,330949,Hyderabad,19,2,4,22699.0,1.625269834959571,1,0.0,0.08622224922730864
T0089,A084,42438,Travel,Credit,Hyderabad,2026-01-08 04:00:00,1,C084,Savings,381620,2020-04-28,37,Consultant,1946535,Bangalore,4,3,5,35632.6,1.1909880274829823,1,0.06666666666666667,0.11120486347384295
T0090,A013,15487,Restaurant,Credit,Chennai,2026-02-26 17:00:00,0,C013,Savings,143656,2022-12-04,26,Business,502828,Delhi,17,3,6,26493.166666666668,0.584565831220164,1,0.0875,0.1078061480127662
T0091,A054,38591,Restaurant,Debit,Bangalore,2026-02-17 23:00:00,0,C054,Current,25057,2021-04-04,52,Consultant,445149,Kolkata,23,1,3,37141.333333333336,1.03903108817516,1,0.0875,1.5401285063893808
T0092,A079,64283,Electronics,Credit,Bangalore,2026-03-02 08:00:00,1,C079,Savings,357738,2022-08-04,56,Engineer,406091,Pune,8,0,3,53458.333333333336,1.202487918715045,1,0.1323529411764706,0.17969295964701282
T0093,A031,23868,Shopping,Credit,Hyderabad,2026-01-07 21:00:00,0,C031,Savings,476295,2020-01-17,34,Manager,1346963,Bangalore,21,2,5,21934.2,1.0881636890845512,1,0.029850746268656716,0.050111800458746955
T0094,A051,18180,Entertainment,Credit,Hyderabad,2026-01-13 03:00:00,0,C051,Current,497430,2022-09-24,52,Engineer,534603,Delhi,3,1,5,37557.6,0.484056489103655,1,0.038461538461538464,0.036547855979001106
T0095,A085,14000,Groceries,Debit,Delhi,2026-02-11 20:00:00,0,C085,Current,264196,2021-11-27,39,Business,1760858,Pune,20,2,8,29960.875,0.46727607238864816,1,0.0,0.05299096125403144
T0096,A032,8352,Entertainment,Debit,Chennai,2026-02-20 18:00:00,0,C032,Savings,362599,2020-01-03,50,Doctor,855493,Mumbai,18,4,6,22097.0,0.37796985999096266,1,0.038461538461538464,0.023033709413897065
T0097,A028,15369,Fuel,Debit,Delhi,2026-01-22 04:00:00,0,C028,Current,310402,2018-03-15,24,Doctor,367319,Kolkata,4,3,4,22719.0,0.6764822392374302,1,0.029850746268656716,0.04951321189781273
T0098,A019,8619,Groceries,Debit,Mumbai,2026-02-04 08:00:00,0,C019,Current,479657,2020-09-27,25,Engineer,1686769,Mumbai,8,2,7,24537.428571428572,0.35125930051706344,0,0.0,0.017969090412149325
T0099,A002,23577,Groceries,Debit,Delhi,2026-02-20 07:00:00,0,C002,Savings,9883,2022-03-20,36,Doctor,592632,Pune,7,4,6,36847.5,0.6398534498568821,1,0.0,2.385611653965788
T0100,A007,8407,Shopping,Debit,Bangalore,2026-02-17 13:00:00,0,C007,Current,154415,2019-05-16,33,Manager,1662906,Pune,13,1,9,31656.333333333332,0.2655708704106906,1,0.029850746268656716,0.05444419259434355
T0101,A058,23826,Fuel,Debit,Chennai,2026-02-02 18:00:00,0,C058,Savings,138547,2023-01-17,34,Analyst,1883905,Pune,18,0,10,20025.2,1.1898008503336792,1,0.029850746268656716,0.1719705226261146
T0102,A006,47760,Restaurant,Debit,Hyderabad,2026-02-20 21:00:00,0,C006,Savings,465990,2019-12-16,53,Analyst,355649,Chennai,21,4,8,35631.5,1.3403870167294705,1,0.0875,0.10249146977183005
T0103,A062,26420,Shopping,Credit,Hyderabad,2026-01-28 21:00:00,0,C062,Current,331712,2023-03-01,42,Engineer,1533772,Chennai,21,2,4,16635.5,1.588169876716558,1,0.029850746268656716,0.07964740497541098
T0104,A011,21209,Travel,Credit,Bangalore,2026-02-08 04:00:00,0,C011,Current,493508,2022-08-01,48,Teacher,882738,Mumbai,4,6,6,21242.333333333332,0.9984308059385674,1,0.06666666666666667,0.04297600038818061
T0105,A077,34870,Restaurant,Debit,Hyderabad,2026-01-19 14:00:00,0,C077,Current,275245,2018-06-23,29,Business,684802,Delhi,14,0,6,33929.333333333336,1.0277242893972596,1,0.0875,0.1266871332766558
T0106,A084,42758,Electronics,Credit,Bangalore,2026-02-26 17:00:00,0,C084,Savings,381620,2020-04-28,37,Consultant,1946535,Bangalore,17,3,5,35632.6,1.1999685677722174,0,0.1323529411764706,0.11204339394916295
T0107,A030,27219,Shopping,Debit,Delhi,2026-01-22 14:00:00,0,C030,Savings,166616,2018-09-19,34,Analyst,1805575,Delhi,14,3,10,32561.0,0.8359386994146559,0,0.029850746268656716,0.16336366254361145
T0108,A055,20581,Electronics,Credit,Hyderabad,2026-02-12 08:00:00,0,C055,Current,186239,2018-08-11,55,Consultant,563738,Mumbai,8,3,6,26098.833333333332,0.7885793103950065,1,0.1323529411764706,0.1105085400957636
T0109,A012,5694,Shopping,Credit,Mumbai,2026-01-06 13:00:00,0,C012,Savings,497269,2021-09-20,34,Consultant,1005889,Hyderabad,13,1,10,20200.8,0.28187002480997286,1,0.029850746268656716,0.011450542864899067
T0110,A072,4030,Shopping,Debit,Bangalore,2026-02-07 17:00:00,0,C072,Savings,230385,2019-08-11,43,Business,1162143,Bangalore,17,5,4,19026.0,0.21181541037957774,0,0.029850746268656716,0.01749245827560421
T0111,A046,43703,Shopping,Debit,Delhi,2026-03-02 13:00:00,0,C046,Savings,121876,2019-09-18,37,Analyst,1897950,Mumbai,13,0,2,31686.0,1.3792526663576177,1,0.029850746268656716,0.35858577567703354
T0112,A077,20576,Electronics,Debit,Bangalore,2026-01-23 03:00:00,0,C077,Current,275245,2018-06-23,29,Business,684802,Delhi,3,4,6,33929.333333333336,0.6064369079047323,1,0.1323529411764706,0.07475521807572325
T0113,A029,7192,Entertainment,Credit,Chennai,2026-01-23 17:00:00,0,C029,Savings,230332,2021-02-05,41,Business,861493,Hyderabad,17,4,9,26018.333333333332,0.2764204726373376,1,0.038461538461538464,0.03122449333869265
T0114,A029,28222,Entertainment,Debit,Chennai,2026-02-24 17:00:00,0,C029,Savings,230332,2021-02-05,41,Business,861493,Hyderabad,17,1,9,26018.333333333332,1.0846966878157596,1,0.038461538461538464,0.12252748206404115
T0115,A085,45547,Shopping,Credit,Delhi,2026-01-18 00:00:00,0,C085,Current,264196,2021-11-27,39,Business,1760858,Pune,0,6,8,29960.875,1.52021594779184,1,0.029850746268656716,0.17239852230266928
T0116,A045,500,Restaurant,Debit,Mumbai,2026-01-12 04:00:00,0,C045,Current,188321,2022-07-31,50,Engineer,1814336,Pune,4,0,5,15663.2,0.03192195717865956,1,0.0875,0.002655041126446066
T0117,A095,41595,Electronics,Credit,Bangalore,2026-01-02 02:00:00,0,C095,Current,326206,2022-12-31,36,Analyst,1546797,Hyderabad,2,4,8,29633.625,1.4036419771784108,1,0.1323529411764706,0.12751144981614343
T0118,A059,22440,Travel,Debit,Hyderabad,2026-01-11 11:00:00,0,C059,Current,5886,2018-04-01,33,Manager,953716,Bangalore,11,6,7,32421.14285714286,0.6921409307486742,1,0.06666666666666667,3.8124362830233838
T0119,A020,45346,Travel,Credit,Bangalore,2026-02-18 19:00:00,1,C020,Savings,53390,2023-02-03,39,Engineer,788197,Kolkata,19,2,6,29383.666666666668,1.5432383064707473,1,0.06666666666666667,0.8493350813168504
T0120,A063,39885,Entertainment,Debit,Delhi,2026-01-29 13:00:00,0,C063,Savings,382358,2019-10-05,35,Analyst,761829,Hyderabad,13,3,3,28359.0,1.406431820090119,1,0.038461538461538464,0.10431323523754404
T0121,A056,7367,Restaurant,Credit,Hyderabad,2026-01-19 21:00:00,0,C056,Current,233796,2022-02-01,51,Analyst,646296,Delhi,21,0,11,23403.727272727272,0.31477892008411373,1,0.0875,0.03151037656625818
T0122,A029,59753,Electronics,Debit,Delhi,2026-02-08 01:00:00,1,C029,Savings,230332,2021-02-05,41,Business,861493,Hyderabad,1,6,9,26018.333333333332,2.296572928462018,1,0.1323529411764706,0.25942118332409647
T0123,A038,21603,Restaurant,Debit,Mumbai,2026-01-08 00:00:00,0,C038,Savings,99036,2020-04-24,31,Consultant,1727072,Bangalore,0,3,4,27162.25,0.7953317560970348,1,0.0875,0.21813280017184328
T0124,A049,35003,Entertainment,Credit,Hyderabad,2026-02-15 07:00:00,0,C049,Current,189101,2018-05-23,44,Consultant,638792,Chennai,7,6,6,27390.666666666668,1.2779170515706382,1,0.038461538461538464,0.1851021411740233
T0125,A051,45102,Entertainment,Credit,Chennai,2026-01-03 13:00:00,1,C051,Current,497430,2022-09-24,52,Engineer,534603,Delhi,13,5,5,37557.6,1.2008754549809157,1,0.038461538461538464,0.09067004402447239
T0126,A055,37678,Travel,Debit,Bangalore,2026-01-26 22:00:00,0,C055,Current,186239,2018-08-11,55,Consultant,563738,Mumbai,22,0,6,26098.833333333332,1.4436660637025924,1,0.06666666666666667,0.2023099350725514
T0127,A003,21384,Shopping,Credit,Hyderabad,2026-01-11 19:00:00,0,C003,Savings,43409,2020-07-27,27,Manager,1853292,Chennai,19,6,4,14216.0,1.5042205954528556,1,0.029850746268656716,0.4926167383508911
T0128,A056,7037,Fuel,Debit,Bangalore,2026-01-16 13:00:00,0,C056,Current,233796,2022-02-01,51,Analyst,646296,Delhi,13,4,11,23403.727272727272,0.30067860195899393,1,0.029850746268656716,0.03009888962898857
T0129,A040,48977,Electronics,Debit,Chennai,2026-01-22 07:00:00,0,C040,Current,425602,2023-03-22,59,Business,1409633,Delhi,7,3,5,29097.2,1.6832203780146473,1,0.1323529411764706,0.11507699681592011
T0130,A082,7572,Entertainment,Credit,Delhi,2026-02-03 16:00:00,0,C082,Savings,254108,2018-04-05,51,Doctor,1141042,Hyderabad,16,1,7,18902.428571428572,0.4005834471153303,1,0.038461538461538464,0.029798353454838167
T0131,A094,42399,Electronics,Credit,Mumbai,2026-02-22 04:00:00,0,C094,Current,400968,2020-12-23,36,Business,551420,Chennai,4,6,3,38866.333333333336,1.090892717495632,1,0.1323529411764706,0.10574160531250021
T0132,A023,39578,Entertainment,Credit,Bangalore,2026-01-10 20:00:00,0,C023,Savings,339030,2019-11-15,34,Manager,859893,Pune,20,5,7,24857.571428571428,1.5921909385961543,1,0.038461538461538464,0.11673893165452204
T0133,A097,37044,Fuel,Credit,Delhi,2026-02-18 18:00:00,0,C097,Current,475395,2023-02-01,58,Analyst,1396354,Delhi,18,2,7,23246.85714285714,1.5935057266632333,0,0.029850746268656716,0.07792256965096556
T0134,A020,28920,Travel,Credit,Chennai,2026-01-05 15:00:00,0,C020,Savings,53390,2023-02-03,39,Engineer,788197,Kolkata,15,0,6,29383.666666666668,0.9842202580852558,1,0.06666666666666667,0.5416744707732394
T0135,A008,23164,Restaurant,Debit,Hyderabad,2026-02-02 02:00:00,0,C008,Current,442122,2018-11-20,55,Business,762297,Bangalore,2,0,5,27308.6,0.8482309598997273,1,0.0875,0.05239277846267788
T0136,A048,18913,Entertainment,Debit,Chennai,2026-01-05 20:00:00,0,C048,Current,458169,2019-11-04,53,Analyst,717146,Mumbai,20,0,8,24520.0,0.7713295266022311,1,0.038461538461538464,0.04127952785890622
T0137,A077,33331,Entertainment,Debit,Bangalore,2026-01-25 14:00:00,0,C077,Current,275245,2018-06-23,29,Business,684802,Delhi,14,6,6,33929.333333333336,0.9823653079982809,1,0.038461538461538464,0.12109575105374863
T0138,A074,42818,Fuel,Debit,Hyderabad,2026-01-13 10:00:00,0,C074,Current,359223,2020-06-23,27,Engineer,1144358,Pune,10,1,6,36237.5,1.181593652657718,1,0.029850746268656716,0.11919615391778376
T0139,A058,6883,Groceries,Debit,Hyderabad,2026-02-21 10:00:00,0,C058,Savings,138547,2023-01-17,34,Analyst,1883905,Pune,10,5,10,20025.2,0.34371691651333475,1,0.0,0.04967989201861608
T0140,A032,46474,Fuel,Debit,Delhi,2026-01-29 14:00:00,0,C032,Savings,362599,2020-01-03,50,Doctor,855493,Mumbai,14,3,6,22097.0,2.1031814263912834,1,0.029850746268656716,0.1281691344949057
T0141,A048,18639,Shopping,Debit,Delhi,2026-01-25 13:00:00,0,C048,Current,458169,2019-11-04,53,Analyst,717146,Mumbai,13,6,8,24520.0,0.7601549752201652,1,0.029850746268656716,0.04068149525522937
T0142,A009,21706,Travel,Credit,Chennai,2026-01-07 17:00:00,0,C009,Current,325695,2021-01-17,58,Teacher,1997498,Kolkata,17,2,4,21495.25,1.0098044912202442,1,0.06666666666666667,0.06664517416396797
T0143,A020,21947,Travel,Credit,Bangalore,2026-01-06 18:00:00,0,C020,Savings,53390,2023-02-03,39,Engineer,788197,Kolkata,18,1,6,29383.666666666668,0.7469115492460965,1,0.06666666666666667,0.4110694885912962
T0144,A017,39096,Restaurant,Credit,Mumbai,2026-02-15 02:00:00,0,C017,Savings,365446,2019-12-04,39,Consultant,1618353,Chennai,2,6,3,34596.0,1.1300728404641944,1,0.0875,0.10698160603462668
T0145,A086,46160,Fuel,Debit,Bangalore,2026-02-23 23:00:00,0,C086,Savings,82369,2020-03-29,56,Manager,1806611,Bangalore,23,0,6,30531.166666666668,1.5118976778335043,0,0.029850746268656716,0.5604050066699359
T0146,A066,23812,Electronics,Credit,Bangalore,2026-01-02 11:00:00,0,C066,Current,295671,2020-04-04,42,Engineer,1378263,Mumbai,11,4,4,24252.75,0.9818268027412038,1,0.1323529411764706,0.08053546001871893
T0147,A025,14946,Entertainment,Debit,Chennai,2026-01-09 04:00:00,0,C025,Current,299076,2020-06-23,55,Manager,813405,Mumbai,4,4,5,14750.0,1.0132881349062453,1,0.038461538461538464,0.04997391967092064
T0148,A099,35474,Groceries,Credit,Chennai,2026-02-23 23:00:00,0,C099,Savings,445330,2019-06-15,41,Doctor,857034,Bangalore,23,0,3,39361.666666666664,0.9012321630432573,1,0.0,0.07965778186783604
T0149,A017,39241,Entertainment,Debit,Bangalore,2026-01-25 04:00:00,0,C017,Savings,365446,2019-12-04,39,Consultant,1618353,Chennai,4,6,3,34596.0,1.134264076444021,1,0.038461538461538464,0.10737838148160389
T0150,A006,27026,Restaurant,Credit,Bangalore,2026-01-24 21:00:00,0,C006,Savings,465990,2019-12-16,53,Analyst,355649,Chennai,21,5,8,35631.5,0.7584861707313791,1,0.0875,0.05799695272306279
T0151,A030,35096,Entertainment,Credit,Mumbai,2026-01-16 09:00:00,0,C030,Savings,166616,2018-09-19,34,Analyst,1805575,Delhi,9,4,10,32561.0,1.0778538739357348,1,0.038461538461538464,0.2106400345578672
T0152,A048,44553,Restaurant,Credit,Bangalore,2026-03-02 18:00:00,0,C048,Current,458169,2019-11-04,53,Analyst,717146,Mumbai,18,0,8,24520.0,1.8170065245444509,1,0.0875,0.09724141091830217
T0153,A065,34667,Entertainment,Debit,Delhi,2026-01-27 05:00:00,0,C065,Current,176013,2019-09-26,35,Engineer,365877,Kolkata,5,1,7,25509.85714285714,1.3589648813896729,1,0.038461538461538464,0.1969570429345016
T0154,A007,42120,Groceries,Debit,Delhi,2026-01-31 11:00:00,0,C007,Current,154415,2019-05-16,33,Manager,1662906,Pune,11,5,9,31656.333333333332,1.330539438765111,1,0.0,0.27277142762861306
T0155,A011,10606,Electronics,Credit,Hyderabad,2026-01-18 14:00:00,0,C011,Current,493508,2022-08-01,48,Teacher,882738,Mumbai,14,6,6,21242.333333333332,0.49928601668086403,1,0.1323529411764706,0.02149103965849609
T0156,A029,29665,Restaurant,Debit,Bangalore,2026-02-26 11:00:00,0,C029,Savings,230332,2021-02-05,41,Business,861493,Hyderabad,11,3,9,26018.333333333332,1.1401575807545357,1,0.0875,0.12879235190382612
T0157,A065,24607,Travel,Debit,Hyderabad,2026-01-16 12:00:00,0,C065,Current,176013,2019-09-26,35,Engineer,365877,Kolkata,12,4,7,25509.85714285714,0.9646075182841226,1,0.06666666666666667,0.13980217369513603
T0158,A041,6593,Entertainment,Debit,Mumbai,2026-02-23 22:00:00,0,C041,Savings,144883,2021-10-03,56,Consultant,324077,Pune,22,0,7,22731.85714285714,0.2900334959729119,1,0.038461538461538464,0.04550568389352059
T0159,A005,18900,Electronics,Credit,Bangalore,2026-02-28 15:00:00,0,C005,Savings,494296,2019-06-28,22,Engineer,758517,Mumbai,15,5,4,31623.25,0.5976615304885926,1,0.1323529411764706,0.03823619855232014
T0160,A079,54133,Entertainment,Debit,Chennai,2026-02-27 02:00:00,1,C079,Savings,357738,2022-08-04,56,Engineer,406091,Pune,2,4,3,53458.333333333336,1.01262042069912,1,0.038461538461538464,0.15132023994791383
T0161,A094,40003,Travel,Debit,Delhi,2026-02-03 13:00:00,0,C094,Current,400968,2020-12-23,36,Business,551420,Chennai,13,1,3,38866.333333333336,1.0292455335733808,1,0.06666666666666667,0.0997660661175015
T0162,A016,3229,Fuel,Credit,Hyderabad,2026-01-16 13:00:00,0,C016,Savings,381235,2019-08-01,28,Business,465255,Chennai,13,4,4,15774.0,0.20470394306789405,1,0.029850746268656716,0.008469841436162213
T0163,A015,73775,Fuel,Debit,Mumbai,2026-02-08 17:00:00,1,C015,Savings,147788,2021-02-07,23,Manager,1263483,Chennai,17,6,3,44154.666666666664,1.6708313198293503,1,0.029850746268656716,0.49919479250688864
T0164,A038,28230,Fuel,Credit,Mumbai,2026-01-01 19:00:00,0,C038,Savings,99036,2020-04-24,31,Consultant,1727072,Bangalore,19,3,4,27162.25,1.0393100715002217,1,0.029850746268656716,0.28504786135495697
T0165,A086,43892,Groceries,Debit,Bangalore,2026-01-06 16:00:00,0,C086,Savings,82369,2020-03-29,56,Manager,1806611,Bangalore,16,1,6,30531.166666666668,1.4376129305777332,0,0.0,0.5328703759262744
T0166,A061,2953,Travel,Debit,Delhi,2026-02-10 12:00:00,0,C061,Savings,353251,2020-06-02,28,Doctor,771224,Hyderabad,12,1,7,13761.42857142857,0.2145852796115336,1,0.06666666666666667,0.008359495089656943
T0167,A009,22696,Groceries,Credit,Mumbai,2026-01-16 23:00:00,0,C009,Current,325695,2021-01-17,58,Teacher,1997498,Kolkata,23,4,4,21495.25,1.0558611781412819,1,0.0,0.06968482782757841
T0168,A006,23188,Electronics,Credit,Bangalore,2026-02-04 10:00:00,0,C006,Savings,465990,2019-12-16,53,Analyst,355649,Chennai,10,2,8,35631.5,0.6507724904506482,1,0.1323529411764706,0.049760724477998224
T0169,A081,12045,Entertainment,Credit,Hyderabad,2026-02-21 04:00:00,0,C081,Savings,17805,2019-02-12,36,Doctor,1152312,Bangalore,4,5,2,27251.5,0.4419940185156802,1,0.038461538461538464,0.6764953660901458
T0170,A038,13311,Travel,Credit,Chennai,2026-01-03 06:00:00,0,C038,Savings,99036,2020-04-24,31,Consultant,1727072,Bangalore,6,5,4,27162.25,0.49005513148209184,1,0.06666666666666667,0.13440567065164125
T0171,A051,82395,Electronics,Credit,Delhi,2026-01-31 08:00:00,1,C051,Current,497430,2022-09-24,52,Engineer,534603,Delhi,8,5,5,37557.6,2.193830276110872,0,0.1323529411764706,0.16564139677611642
T0172,A100,3232,Groceries,Credit,Bangalore,2026-02-25 20:00:00,0,C100,Current,406506,2021-07-29,29,Manager,1653713,Delhi,20,2,4,21096.5,0.15320076782726957,1,0.0,0.007950682154557357
T0173,A052,48813,Electronics,Credit,Bangalore,2026-01-29 12:00:00,0,C052,Savings,464820,2018-02-26,40,Doctor,421477,Mumbai,12,3,6,33039.333333333336,1.4774208514667098,1,0.1323529411764706,0.10501484445365916
T0174,A048,34131,Groceries,Credit,Chennai,2026-01-18 02:00:00,0,C048,Current,458169,2019-11-04,53,Analyst,717146,Mumbai,2,6,8,24520.0,1.3919657416835376,1,0.0,0.07449434597114832
T0175,A024,35848,Travel,Credit,Delhi,2026-01-19 10:00:00,0,C024,Savings,393618,2019-06-21,25,Analyst,1631645,Mumbai,10,0,2,30206.0,1.1867840822396927,1,0.06666666666666667,0.09107307084302362
T0176,A058,39593,Restaurant,Credit,Bangalore,2026-02-15 13:00:00,0,C058,Savings,138547,2023-01-17,34,Analyst,1883905,Pune,13,6,10,20025.2,1.9771587789499436,1,0.0875,0.28577305894131433
T0177,A006,47732,Restaurant,Credit,Hyderabad,2026-02-25 11:00:00,0,C006,Savings,465990,2019-12-16,53,Analyst,355649,Chennai,11,2,8,35631.5,1.3396011951953744,1,0.0875,0.10243138264549816
T0178,A010,44086,Entertainment,Debit,Hyderabad,2026-02-10 12:00:00,0,C010,Savings,355152,2022-07-11,21,Consultant,1989925,Mumbai,12,1,4,33826.5,1.3032977099897127,1,0.038461538461538464,0.12413276568556188
T0179,A019,44406,Electronics,Credit,Delhi,2026-02-13 14:00:00,1,C019,Current,479657,2020-09-27,25,Engineer,1686769,Mumbai,14,4,7,24537.428571428572,1.809725083972702,1,0.1323529411764706,0.0925786551620725
T0180,A050,37274,Restaurant,Credit,Delhi,2026-01-03 19:00:00,0,C050,Current,361263,2021-08-06,54,Engineer,1556077,Delhi,19,5,4,30081.5,1.2391004433824442,0,0.0875,0.10317690989381206
T0181,A057,5138,Restaurant,Credit,Delhi,2026-02-06 04:00:00,0,C057,Savings,206953,2021-05-26,54,Consultant,1572119,Bangalore,4,4,8,24781.375,0.207333128122498,1,0.0875,0.024826893061476427
T0182,A032,7534,Fuel,Credit,Chennai,2026-01-02 23:00:00,0,C032,Savings,362599,2020-01-03,50,Doctor,855493,Mumbai,23,4,6,22097.0,0.3409512601977865,1,0.029850746268656716,0.020777773793618354
T0183,A016,17255,Electronics,Credit,Bangalore,2026-02-19 08:00:00,0,C016,Savings,381235,2019-08-01,28,Business,465255,Chennai,8,3,4,15774.0,1.0938886768772103,1,0.1323529411764706,0.045260797144930004
T0184,A026,8137,Shopping,Credit,Hyderabad,2026-01-09 02:00:00,0,C026,Savings,44449,2018-01-20,50,Business,866121,Pune,2,4,4,16214.5,0.501834777204456,1,0.029850746268656716,0.18306373592587824
T0185,A088,21044,Fuel,Credit,Delhi,2026-02-12 11:00:00,0,C088,Savings,413116,2022-03-18,24,Analyst,1842952,Chennai,11,3,7,18792.428571428572,1.1198126899253735,1,0.029850746268656716,0.05093968764097881
T0186,A021,46749,Entertainment,Credit,Chennai,2026-02-15 22:00:00,0,C021,Current,439817,2021-07-23,27,Business,882952,Bangalore,22,6,4,28508.75,1.639812337741987,1,0.038461538461538464,0.10629193505239015
T0187,A029,8053,Restaurant,Debit,Delhi,2026-01-13 04:00:00,0,C029,Savings,230332,2021-02-05,41,Business,861493,Hyderabad,4,1,9,26018.333333333332,0.30951252310184646,1,0.0875,0.034962575758689086
T0188,A071,37604,Fuel,Debit,Chennai,2026-01-24 14:00:00,0,C071,Savings,164317,2021-01-27,27,Engineer,1681986,Bangalore,14,5,3,27093.666666666668,1.3879258370143357,1,0.029850746268656716,0.2288503319663303
T0189,A012,4408,Shopping,Credit,Chennai,2026-01-20 12:00:00,0,C012,Savings,497269,2021-09-20,34,Consultant,1005889,Hyderabad,12,1,10,20200.8,0.21820917972644194,1,0.029850746268656716,0.008864417447923267
T0190,A053,26932,Travel,Debit,Bangalore,2026-02-22 18:00:00,0,C053,Current,98620,2023-06-11,57,Engineer,479628,Pune,18,6,6,16878.5,1.5956394219891346,1,0.06666666666666667,0.2730886229696726
T0191,A060,44671,Entertainment,Debit,Mumbai,2026-02-03 11:00:00,0,C060,Savings,195956,2020-11-30,44,Business,1385435,Bangalore,11,1,4,40365.25,1.1066697218259096,1,0.038461538461538464,0.22796444098532506
T0192,A056,33055,Fuel,Debit,Delhi,2026-02-28 01:00:00,0,C056,Current,233796,2022-02-01,51,Analyst,646296,Delhi,1,5,11,23403.727272727272,1.4123818655328328,0,0.029850746268656716,0.14138394154983902
T0193,A022,10714,Fuel,Credit,Hyderabad,2026-01-21 22:00:00,0,C022,Savings,6858,2019-07-21,44,Doctor,1076325,Delhi,22,2,4,24135.5,0.44391042222290383,1,0.029850746268656716,1.5622630481740114
T0194,A033,12964,Shopping,Credit,Chennai,2026-02-10 17:00:00,0,C033,Savings,190429,2019-05-27,36,Manager,1477274,Chennai,17,1,4,23276.25,0.5569625689030825,0,0.029850746268656716,0.06807786628779872
T0195,A069,6222,Fuel,Debit,Mumbai,2026-02-02 20:00:00,0,C069,Savings,327707,2022-03-13,57,Business,809602,Kolkata,20,0,2,17198.0,0.36178625400524117,1,0.029850746268656716,0.018986472671655274
T0196,A085,41025,Fuel,Debit,Hyderabad,2026-02-16 19:00:00,0,C085,Current,264196,2021-11-27,39,Business,1760858,Pune,19,0,8,29960.875,1.3692857764103066,1,0.029850746268656716,0.15528244181761713
T0197,A011,3079,Travel,Debit,Chennai,2026-03-02 20:00:00,0,C011,Current,493508,2022-08-01,48,Teacher,882738,Mumbai,20,0,6,21242.333333333332,0.14494641197061855,1,0.06666666666666667,0.006239007270272437
T0198,A054,40608,Shopping,Credit,Delhi,2026-02-10 00:00:00,0,C054,Current,25057,2021-04-04,52,Consultant,445149,Kolkata,0,1,3,37141.333333333336,1.0933371622558863,1,0.029850746268656716,1.6206249744100951
T0199,A062,16148,Restaurant,Debit,Hyderabad,2026-02-21 21:00:00,0,C062,Current,331712,2023-03-01,42,Engineer,1533772,Chennai,21,5,4,16635.5,0.9706951994405367,1,0.0875,0.048680783328650126
T0200,A021,28909,Travel,Debit,Delhi,2026-01-27 15:00:00,0,C021,Current,439817,2021-07-23,27,Business,882952,Bangalore,15,1,4,28508.75,1.0140395489054976,1,0.06666666666666667,0.06572961026823133
T0201,A092,21026,Electronics,Credit,Chennai,2026-02-16 11:00:00,0,C092,Savings,244317,2022-10-04,26,Consultant,689703,Hyderabad,11,0,5,21381.4,0.9833780758119776,1,0.1323529411764706,0.08606032326501797
T0202,A072,7058,Travel,Credit,Mumbai,2026-01-21 07:00:00,0,C072,Savings,230385,2019-08-11,43,Business,1162143,Bangalore,7,2,4,19026.0,0.37096604626775675,1,0.06666666666666667,0.030635675064321216
T0203,A019,6444,Entertainment,Credit,Mumbai,2026-01-04 09:00:00,0,C019,Current,479657,2020-09-27,25,Engineer,1686769,Mumbai,9,6,7,24537.428571428572,0.2626192055379924,0,0.038461538461538464,0.013434600141070919
T0204,A021,21558,Electronics,Debit,Bangalore,2026-03-01 18:00:00,0,C021,Current,439817,2021-07-23,27,Business,882952,Bangalore,18,6,4,28508.75,0.7561888891108207,0,0.1323529411764706,0.04901584067807711
T0205,A066,30693,Groceries,Credit,Chennai,2026-02-01 09:00:00,0,C066,Current,295671,2020-04-04,42,Engineer,1378263,Mumbai,9,6,4,24252.75,1.265547205465134,1,0.0,0.10380794869622627
T0206,A059,15876,Groceries,Credit,Bangalore,2026-01-14 18:00:00,0,C059,Current,5886,2018-04-01,33,Manager,953716,Bangalore,18,2,7,32421.14285714286,0.48968045528368775,0,0.0,2.6972477018395384
T0207,A077,42977,Groceries,Debit,Bangalore,2026-02-13 15:00:00,0,C077,Current,275245,2018-06-23,29,Business,684802,Delhi,15,4,6,33929.333333333336,1.2666620816009757,1,0.0,0.1561408926535944
T0208,A018,17432,Travel,Debit,Bangalore,2026-02-16 11:00:00,0,C018,Current,269979,2021-07-22,44,Analyst,703258,Pune,11,0,3,16955.0,1.0281332934071759,1,0.06666666666666667,0.06456798491495383
T0209,A007,37473,Travel,Debit,Bangalore,2026-02-05 06:00:00,0,C007,Current,154415,2019-05-16,33,Manager,1662906,Pune,6,3,9,31656.333333333332,1.1837441687759973,1,0.06666666666666667,0.24267720103340498
T0210,A065,29614,Fuel,Debit,Mumbai,2026-02-18 17:00:00,0,C065,Current,176013,2019-09-26,35,Engineer,365877,Kolkata,17,2,7,25509.85714285714,1.1608845875753244,1,0.029850746268656716,0.16824893614856581
T0211,A013,25914,Travel,Debit,Mumbai,2026-01-24 10:00:00,0,C013,Savings,143656,2022-12-04,26,Business,502828,Delhi,10,5,6,26493.166666666668,0.9781390166100168,1,0.06666666666666667,0.18038926322740512
T0212,A078,42550,Electronics,Credit,Bangalore,2026-01-26 16:00:00,1,C078,Current,53961,2021-09-21,50,Doctor,458093,Bangalore,16,0,6,35337.5,1.2041032893656587,0,0.1323529411764706,0.7885324584813972
T0213,A067,30049,Electronics,Credit,Chennai,2026-01-10 19:00:00,0,C067,Savings,225434,2018-09-18,38,Manager,1317987,Mumbai,19,5,3,18316.666666666668,1.6405277516066272,1,0.1323529411764706,0.13329400178618603
T0214,A041,10749,Travel,Credit,Chennai,2026-01-26 19:00:00,0,C041,Savings,144883,2021-10-03,56,Consultant,324077,Pune,19,0,7,22731.85714285714,0.47286061705033067,1,0.06666666666666667,0.07419089885809993
T0215,A066,34987,Restaurant,Debit,Delhi,2026-02-01 22:00:00,0,C066,Current,295671,2020-04-04,42,Engineer,1378263,Mumbai,22,6,4,24252.75,1.442599292268877,1,0.0875,0.11833084745821094
T0216,A043,44258,Entertainment,Debit,Chennai,2026-01-08 13:00:00,0,C043,Savings,455150,2022-11-22,38,Consultant,1644194,Delhi,13,3,8,34359.5,1.2880862639770407,1,0.038461538461538464,0.09723827309464488
T0217,A061,17501,Shopping,Debit,Chennai,2026-02-11 18:00:00,0,C061,Savings,353251,2020-06-02,28,Doctor,771224,Hyderabad,18,2,7,13761.42857142857,1.2717429659605315,1,0.029850746268656716,0.049542676452450446
T0218,A062,11274,Entertainment,Credit,Mumbai,2026-02-03 20:00:00,0,C062,Current,331712,2023-03-01,42,Engineer,1533772,Chennai,20,1,4,16635.5,0.6777073122673155,1,0.038461538461538464,0.033987314295714735
T0219,A088,15972,Groceries,Debit,Hyderabad,2026-01-03 18:00:00,0,C088,Savings,413116,2022-03-18,24,Analyst,1842952,Chennai,18,5,7,18792.428571428572,0.8499167593370113,1,0.0,0.038662264350965286
T0220,A057,20658,Electronics,Credit,Chennai,2026-01-27 04:00:00,0,C057,Savings,206953,2021-05-26,54,Consultant,1572119,Bangalore,4,1,8,24781.375,0.8336099184029901,1,0.1323529411764706,0.09981976583572987
T0221,A100,40173,Shopping,Debit,Mumbai,2026-02-28 15:00:00,0,C100,Current,406506,2021-07-29,29,Manager,1653713,Delhi,15,5,4,21096.5,1.904249519159932,1,0.029850746268656716,0.09882510959004726
T0222,A067,13688,Restaurant,Credit,Delhi,2026-02-05 10:00:00,0,C067,Savings,225434,2018-09-18,38,Manager,1317987,Mumbai,10,3,3,18316.666666666668,0.7472975428131223,1,0.0875,0.060718436435465886
T0223,A023,30224,Travel,Credit,Chennai,2026-02-28 17:00:00,0,C023,Savings,339030,2019-11-15,34,Manager,859893,Pune,17,5,7,24857.571428571428,1.2158870819174836,1,0.06666666666666667,0.0891484529366384
T0224,A062,12700,Electronics,Credit,Delhi,2026-01-16 08:00:00,0,C062,Current,331712,2023-03-01,42,Engineer,1533772,Chennai,8,4,4,16635.5,0.7634276091710934,1,0.1323529411764706,0.03828622419332776
T0225,A091,13684,Restaurant,Credit,Chennai,2026-02-14 22:00:00,0,C091,Savings,486018,2021-02-15,54,Doctor,419285,Chennai,22,5,6,22854.166666666668,0.5987529623633533,0,0.0875,0.02815533581002853
T0226,A093,18021,Fuel,Credit,Bangalore,2026-01-19 03:00:00,0,C093,Current,355002,2018-10-01,59,Engineer,1716023,Kolkata,3,0,4,31718.25,0.5681587097118667,1,0.029850746268656716,0.05076309429099658
T0227,A045,9699,Shopping,Debit,Delhi,2026-01-19 01:00:00,0,C045,Current,188321,2022-07-31,50,Engineer,1814336,Pune,1,0,5,15663.2,0.6192221253516381,1,0.029850746268656716,0.05150248777080079
T0228,A057,43089,Electronics,Credit,Chennai,2026-01-17 23:00:00,0,C057,Savings,206953,2021-05-26,54,Consultant,1572119,Bangalore,23,5,8,24781.375,1.7387655036337712,1,0.1323529411764706,0.20820669426351845
T0229,A090,17900,Fuel,Debit,Mumbai,2026-01-09 03:00:00,0,C090,Current,31328,2022-07-05,24,Analyst,1299897,Chennai,3,4,8,25083.5,0.7136165205359633,1,0.029850746268656716,0.5713738506858485
T0230,A007,43998,Electronics,Debit,Hyderabad,2026-02-27 16:00:00,0,C007,Current,154415,2019-05-16,33,Manager,1662906,Pune,16,4,9,31656.333333333332,1.3898640604650367,1,0.1323529411764706,0.2849334585186068
T0231,A053,21746,Entertainment,Debit,Hyderabad,2026-02-15 15:00:00,0,C053,Current,98620,2023-06-11,57,Engineer,479628,Pune,15,6,6,16878.5,1.288384630572394,1,0.038461538461538464,0.2205029405576452
T0232,A071,10450,Restaurant,Credit,Mumbai,2026-01-27 20:00:00,0,C071,Savings,164317,2021-01-27,27,Engineer,1681986,Bangalore,20,1,3,27093.666666666668,0.3856989947026861,1,0.0875,0.06359658464653101
T0233,A097,18924,Entertainment,Debit,Chennai,2026-01-21 09:00:00,0,C097,Current,475395,2023-02-01,58,Analyst,1396354,Delhi,9,2,7,23246.85714285714,0.8140455234687136,1,0.038461538461538464,0.039806897421306345
T0234,A030,35171,Groceries,Debit,Bangalore,2026-02-17 23:00:00,0,C030,Savings,166616,2018-09-19,34,Analyst,1805575,Delhi,23,1,10,32561.0,1.080157242996174,1,0.0,0.21109017139944003
T0235,A023,2481,Electronics,Credit,Hyderabad,2026-02-23 12:00:00,0,C023,Savings,339030,2019-11-15,34,Manager,859893,Pune,12,0,7,24857.571428571428,0.09980862394908936,1,0.1323529411764706,0.007317936465583637
T0236,A002,19655,Travel,Credit,Bangalore,2026-02-06 19:00:00,0,C002,Savings,9883,2022-03-20,36,Doctor,592632,Pune,19,4,6,36847.5,0.5334147498382753,1,0.06666666666666667,1.9887685905203192
T0237,A083,35705,Electronics,Credit,Delhi,2026-02-03 15:00:00,0,C083,Savings,243769,2021-06-05,31,Business,304520,Bangalore,15,1,6,28031.0,1.273768327468243,1,0.1323529411764706,0.14647063407789873
T0238,A025,7482,Shopping,Credit,Mumbai,2026-01-22 05:00:00,0,C025,Current,299076,2020-06-23,55,Manager,813405,Mumbai,5,3,5,14750.0,0.5072542369442344,0,0.029850746268656716,0.025017052520930564
T0239,A002,48374,Entertainment,Debit,Mumbai,2026-01-22 09:00:00,0,C002,Savings,9883,2022-03-20,36,Doctor,592632,Pune,9,3,6,36847.5,1.3128163372514237,1,0.038461538461538464,4.894667606096664
T0240,A079,41959,Fuel,Credit,Hyderabad,2026-02-27 12:00:00,0,C079,Savings,357738,2022-08-04,56,Engineer,406091,Pune,12,4,3,53458.333333333336,0.7848916600246499,1,0.029850746268656716,0.1172897483600487
T0241,A052,43960,Restaurant,Credit,Mumbai,2026-01-07 05:00:00,0,C052,Savings,464820,2018-02-26,40,Doctor,421477,Mumbai,5,2,6,33039.333333333336,1.3305353211332343,0,0.0875,0.09457424379126168
T0242,A001,17190,Travel,Credit,Delhi,2026-01-25 07:00:00,0,C001,Current,492073,2020-07-25,28,Engineer,1855144,Delhi,7,6,3,29504.333333333332,0.5826262806878223,0,0.06666666666666667,0.034933841116360095
T0243,A075,47474,Travel,Debit,Hyderabad,2026-02-06 00:00:00,0,C075,Current,421145,2019-03-14,42,Consultant,529153,Mumbai,0,4,2,38070.0,1.2470186495279698,1,0.06666666666666667,0.11272602072652588
T0244,A086,7847,Shopping,Credit,Hyderabad,2026-01-30 09:00:00,0,C086,Savings,82369,2020-03-29,56,Manager,1806611,Bangalore,9,4,6,30531.166666666668,0.25701605454851617,1,0.029850746268656716,0.09526642303593992
T0245,A082,19435,Electronics,Credit,Mumbai,2026-01-24 19:00:00,0,C082,Savings,254108,2018-04-05,51,Doctor,1141042,Hyderabad,19,5,7,18902.428571428572,1.0281747615803545,1,0.1323529411764706,0.07648322760100103
T0246,A059,49103,Fuel,Credit,Chennai,2026-02-08 11:00:00,0,C059,Current,5886,2018-04-01,33,Manager,953716,Bangalore,11,6,7,32421.14285714286,1.5145363690976894,1,0.029850746268656716,8.342337736421445
T0247,A086,14413,Fuel,Debit,Chennai,2026-02-18 07:00:00,0,C086,Savings,82369,2020-03-29,56,Manager,1806611,Bangalore,7,2,6,30531.166666666668,0.47207498333219877,1,0.029850746268656716,0.17498087870740436
T0248,A058,34714,Fuel,Debit,Hyderabad,2026-02-15 11:00:00,0,C058,Savings,138547,2023-01-17,34,Analyst,1883905,Pune,11,6,10,20025.2,1.7335157692639696,1,0.029850746268656716,0.2505575725024319
T0249,A071,33227,Electronics,Credit,Chennai,2026-01-13 18:00:00,0,C071,Savings,164317,2021-01-27,27,Engineer,1681986,Bangalore,18,1,3,27093.666666666668,1.2263751671757082,1,0.1323529411764706,0.20221279598567327
T0250,A057,7717,Restaurant,Debit,Chennai,2026-02-13 06:00:00,0,C057,Savings,206953,2021-05-26,54,Consultant,1572119,Bangalore,6,4,8,24781.375,0.3114032210434638,1,0.0875,0.037288659742198055
T0251,A058,3746,Restaurant,Debit,Chennai,2026-01-30 04:00:00,0,C058,Savings,138547,2023-01-17,34,Analyst,1883905,Pune,4,4,10,20025.2,0.18706429888986661,1,0.0875,0.027037756138563972
T0252,A060,44190,Restaurant,Credit,Hyderabad,2026-02-21 09:00:00,0,C060,Savings,195956,2020-11-30,44,Business,1385435,Bangalore,9,5,4,40365.25,1.0947535315414239,1,0.0875,0.22550980831280953
T0253,A096,62579,Shopping,Debit,Chennai,2026-02-07 02:00:00,1,C096,Current,440457,2022-07-28,60,Engineer,1179178,Pune,2,5,5,37708.0,1.6595682609367857,1,0.029850746268656716,0.14207743320818883
T0254,A008,66795,Electronics,Debit,Bangalore,2026-03-01 15:00:00,1,C008,Current,442122,2018-11-20,55,Business,762297,Bangalore,15,6,5,27308.6,2.445932782183659,0,0.1323529411764706,0.15107820917866385
T0255,A048,25166,Shopping,Debit,Delhi,2026-01-29 12:00:00,0,C048,Current,458169,2019-11-04,53,Analyst,717146,Mumbai,12,3,8,24520.0,1.0263458397119307,1,0.029850746268656716,0.054927330307049854
T0256,A016,11796,Shopping,Debit,Hyderabad,2026-02-04 12:00:00,0,C016,Savings,381235,2019-08-01,28,Business,465255,Chennai,12,2,4,15774.0,0.7478128561253881,1,0.029850746268656716,0.030941545240312625
T0257,A097,1589,Fuel,Credit,Chennai,2026-01-20 14:00:00,0,C097,Current,475395,2023-02-01,58,Analyst,1396354,Delhi,14,1,7,23246.85714285714,0.06835332576578873,1,0.029850746268656716,0.003342483618815038
T0258,A049,15151,Travel,Debit,Hyderabad,2026-01-16 14:00:00,0,C049,Current,189101,2018-05-23,44,Consultant,638792,Chennai,14,4,6,27390.666666666668,0.5531446232707694,1,0.06666666666666667,0.0801212050660694
T0259,A005,43366,Groceries,Debit,Mumbai,2026-01-27 19:00:00,0,C005,Savings,494296,2019-06-28,22,Engineer,758517,Mumbai,19,1,4,31623.25,1.3713328005909156,0,0.0,0.08773285642433415
T0260,A009,6712,Shopping,Debit,Mumbai,2026-02-08 01:00:00,0,C009,Current,325695,2021-01-17,58,Teacher,1997498,Kolkata,1,6,4,21495.25,0.31225503294343865,1,0.029850746268656716,0.020608237767831612
T0261,A095,2999,Electronics,Debit,Mumbai,2026-01-26 14:00:00,0,C095,Current,326206,2022-12-31,36,Analyst,1546797,Hyderabad,14,0,8,29633.625,0.10120260342728822,1,0.1323529411764706,0.00919357706451771
T0262,A065,19057,Fuel,Credit,Mumbai,2026-01-15 23:00:00,0,C065,Current,176013,2019-09-26,35,Engineer,365877,Kolkata,23,3,7,25509.85714285714,0.747044559513168,1,0.029850746268656716,0.1082704118384284
T0263,A039,9488,Travel,Credit,Hyderabad,2026-02-12 16:00:00,0,C039,Current,415195,2022-02-17,59,Engineer,1106915,Bangalore,16,3,5,17501.8,0.5421156677929609,1,0.06666666666666667,0.022851912956012188
T0264,A072,38875,Shopping,Credit,Chennai,2026-02-26 23:00:00,0,C072,Savings,230385,2019-08-11,43,Business,1162143,Bangalore,23,3,4,19026.0,2.0432565951628,1,0.029850746268656716,0.16873928423427137
T0265,A064,3172,Entertainment,Credit,Bangalore,2026-01-23 20:00:00,0,C064,Current,270878,2023-01-18,25,Manager,1623518,Hyderabad,20,4,3,14491.666666666666,0.21888441618018328,1,0.038461538461538464,0.01171006873900021
T0266,A053,9879,Fuel,Credit,Mumbai,2026-01-20 12:00:00,0,C053,Current,98620,2023-06-11,57,Engineer,479628,Pune,12,1,6,16878.5,0.5853008261484725,1,0.029850746268656716,0.10017237881766655
T0267,A029,19809,Restaurant,Debit,Chennai,2026-02-24 22:00:00,0,C029,Savings,230332,2021-02-05,41,Business,861493,Hyderabad,22,1,9,26018.333333333332,0.7613477673071497,1,0.0875,0.08600194501476122
T0268,A053,27396,Electronics,Credit,Mumbai,2026-02-05 16:00:00,0,C053,Current,98620,2023-06-11,57,Engineer,479628,Pune,16,3,6,16878.5,1.623130016516201,1,0.1323529411764706,0.2777935509756851
T0269,A043,42482,Groceries,Debit,Hyderabad,2026-01-06 14:00:00,0,C043,Savings,455150,2022-11-22,38,Consultant,1644194,Delhi,14,1,8,34359.5,1.2363975025141816,1,0.0,0.09333626276846455
T0270,A035,24818,Entertainment,Debit,Mumbai,2026-02-13 19:00:00,0,C035,Savings,490366,2022-03-15,58,Business,1059161,Mumbai,19,4,4,23056.5,1.07639927956264,0,0.038461538461538464,0.05061117614087006
T0271,A098,38607,Restaurant,Debit,Delhi,2026-02-16 21:00:00,0,C098,Current,240966,2018-11-22,37,Doctor,1704517,Pune,21,0,7,29484.14285714286,1.3094157145407017,1,0.0875,0.16021762405649687
T0272,A039,1104,Groceries,Credit,Mumbai,2026-01-14 06:00:00,0,C039,Current,415195,2022-02-17,59,Engineer,1106915,Bangalore,6,2,5,17501.8,0.06307922610069866,1,0.0,0.002658991558119462
T0273,A090,39710,Electronics,Credit,Delhi,2026-02-15 06:00:00,0,C090,Current,31328,2022-07-05,24,Analyst,1299897,Chennai,6,6,8,25083.5,1.5831124039376034,1,0.1323529411764706,1.2675561793706729
T0274,A049,30656,Travel,Credit,Chennai,2026-02-04 20:00:00,0,C049,Current,189101,2018-05-23,44,Consultant,638792,Chennai,20,2,6,27390.666666666668,1.1192133569393905,0,0.06666666666666667,0.1621144256158289
T0275,A064,30640,Entertainment,Credit,Mumbai,2026-01-07 23:00:00,0,C064,Current,270878,2023-01-18,25,Manager,1623518,Hyderabad,23,2,3,14491.666666666666,2.114318572434053,1,0.038461538461538464,0.11311365263649636
T0276,A048,20607,Electronics,Debit,Hyderabad,2026-01-27 01:00:00,0,C048,Current,458169,2019-11-04,53,Analyst,717146,Mumbai,1,1,8,24520.0,0.8404159866066819,1,0.1323529411764706,0.044976853518134643
T0277,A034,36361,Restaurant,Credit,Mumbai,2026-03-01 18:00:00,0,C034,Current,330405,2022-05-17,37,Manager,1525965,Bangalore,18,6,3,26053.333333333332,1.3956371540190748,1,0.0875,0.11004978737882144
T0278,A026,21718,Electronics,Credit,Chennai,2026-01-15 12:00:00,0,C026,Savings,44449,2018-01-20,50,Business,866121,Pune,12,3,4,16214.5,1.33941842095691,1,0.1323529411764706,0.48860491788598054
T0279,A084,44982,Restaurant,Credit,Bangalore,2026-01-22 08:00:00,0,C084,Savings,381620,2020-04-28,37,Consultant,1946535,Bangalore,8,3,5,35632.6,1.2623833227824006,0,0.0875,0.11787118075263688
T0280,A022,48122,Shopping,Credit,Mumbai,2026-02-20 11:00:00,0,C022,Savings,6858,2019-07-21,44,Doctor,1076325,Delhi,11,4,4,24135.5,1.993826520273528,1,0.029850746268656716,7.016914542115902
T0281,A070,44871,Entertainment,Debit,Hyderabad,2026-01-04 16:00:00,1,C070,Current,217900,2021-03-11,51,Consultant,1153666,Mumbai,16,6,2,66264.5,0.6771499067106596,1,0.038461538461538464,0.20592473610803466
T0282,A053,9110,Shopping,Debit,Hyderabad,2026-02-23 20:00:00,0,C053,Current,98620,2023-06-11,57,Engineer,479628,Pune,20,0,6,16878.5,0.5397399054775366,1,0.029850746268656716,0.09237477184218466
T0283,A028,33243,Shopping,Credit,Bangalore,2026-01-30 11:00:00,0,C028,Current,310402,2018-03-15,24,Doctor,367319,Kolkata,11,4,4,22719.0,1.4632246131153552,1,0.029850746268656716,0.10709660375554614
T0284,A003,533,Groceries,Credit,Chennai,2026-02-04 17:00:00,0,C003,Savings,43409,2020-07-27,27,Manager,1853292,Chennai,17,2,4,14216.0,0.037492965646107934,0,0.0,0.012278559742846284
T0285,A037,1223,Entertainment,Debit,Hyderabad,2026-02-02 22:00:00,0,C037,Savings,467115,2018-11-29,24,Consultant,529950,Mumbai,22,0,3,29751.0,0.04110786190679041,1,0.038461538461538464,0.00261819894452933
T0286,A013,34466,Fuel,Credit,Delhi,2026-01-10 07:00:00,0,C013,Savings,143656,2022-12-04,26,Business,502828,Delhi,7,5,6,26493.166666666668,1.3009392354125506,0,0.029850746268656716,0.2399203653004455
T0287,A035,26111,Restaurant,Debit,Mumbai,2026-01-06 11:00:00,0,C035,Savings,490366,2022-03-15,58,Business,1059161,Mumbai,11,1,4,23056.5,1.1324789100112858,0,0.0875,0.05324798211839222
T0288,A039,44929,Entertainment,Debit,Hyderabad,2026-02-22 02:00:00,0,C039,Current,415195,2022-02-17,59,Engineer,1106915,Bangalore,2,6,5,17501.8,2.5671073817738135,1,0.038461538461538464,0.10821180408944683
T0289,A052,24955,Shopping,Debit,Mumbai,2026-01-25 17:00:00,0,C052,Savings,464820,2018-02-26,40,Doctor,421477,Mumbai,17,6,6,33039.333333333336,0.7553118502929905,0,0.029850746268656716,0.05368744890379744
T0290,A011,32858,Travel,Debit,Chennai,2026-02-24 13:00:00,0,C011,Current,493508,2022-08-01,48,Teacher,882738,Mumbai,13,1,6,21242.333333333332,1.5468168900716415,1,0.06666666666666667,0.06658048096349845
T0291,A006,15157,Restaurant,Credit,Hyderabad,2026-01-14 22:00:00,0,C006,Savings,465990,2019-12-16,53,Analyst,355649,Chennai,22,2,8,35631.5,0.4253820354390407,1,0.0875,0.03252644906473258
T0292,A010,44954,Fuel,Debit,Mumbai,2026-03-01 08:00:00,0,C010,Savings,355152,2022-07-11,21,Consultant,1989925,Mumbai,8,6,4,33826.5,1.3289580650292054,0,0.029850746268656716,0.12657678965269584
T0293,A041,1126,Entertainment,Credit,Hyderabad,2026-01-14 18:00:00,0,C041,Savings,144883,2021-10-03,56,Consultant,324077,Pune,18,2,7,22731.85714285714,0.04953400826111008,1,0.038461538461538464,0.007771788269999118
T0294,A039,10746,Entertainment,Credit,Chennai,2026-02-06 07:00:00,0,C039,Current,415195,2022-02-17,59,Engineer,1106915,Bangalore,7,4,5,17501.8,0.6139939888388658,1,0.038461538461538464,0.025881814568434545
T0295,A043,25255,Shopping,Debit,Chennai,2026-02-18 23:00:00,0,C043,Savings,455150,2022-11-22,38,Consultant,1644194,Delhi,23,2,8,34359.5,0.7350223371309179,1,0.029850746268656716,0.05548720202009256
T0296,A096,22766,Entertainment,Debit,Delhi,2026-01-04 03:00:00,0,C096,Current,440457,2022-07-28,60,Engineer,1179178,Pune,3,6,5,37708.0,0.6037445633277435,1,0.038461538461538464,0.05168722485846093
T0297,A078,40330,Travel,Debit,Delhi,2026-02-08 12:00:00,0,C078,Current,53961,2021-09-21,50,Doctor,458093,Bangalore,12,6,6,35337.5,1.1412805090509286,1,0.06666666666666667,0.7473916345606286
T0298,A058,32252,Restaurant,Credit,Mumbai,2026-01-15 11:00:00,0,C058,Savings,138547,2023-01-17,34,Analyst,1883905,Pune,11,3,10,20025.2,1.610570680137741,1,0.0875,0.23278742951974513
T0299,A088,38495,Fuel,Credit,Mumbai,2026-02-12 12:00:00,0,C088,Savings,413116,2022-03-18,24,Analyst,1842952,Chennai,12,3,7,18792.428571428572,2.0484313580439677,1,0.029850746268656716,0.09318206024232462
T0300,A092,4917,Shopping,Debit,Bangalore,2026-01-06 08:00:00,0,C092,Savings,244317,2022-10-04,26,Consultant,689703,Hyderabad,8,1,5,21381.4,0.22996623222522086,1,0.029850746268656716,0.020125492699233968
T0301,A041,60202,Restaurant,Credit,Delhi,2026-01-07 02:00:00,1,C041,Savings,144883,2021-10-03,56,Consultant,324077,Pune,2,2,7,22731.85714285714,2.648353788042051,1,0.0875,0.4155214897251216
T0302,A014,8783,Fuel,Credit,Hyderabad,2026-01-06 05:00:00,0,C014,Savings,394240,2018-08-25,43,Analyst,854740,Kolkata,5,1,5,12900.0,0.6808527126505017,1,0.029850746268656716,0.022278307629305032
T0303,A004,5973,Fuel,Credit,Bangalore,2026-01-23 17:00:00,0,C004,Savings,270229,2021-01-06,26,Analyst,1184834,Hyderabad,17,4,6,30908.666666666668,0.19324676999118473,1,0.029850746268656716,0.022103475199845186
T0304,A002,19226,Shopping,Debit,Chennai,2026-01-27 12:00:00,0,C002,Savings,9883,2022-03-20,36,Doctor,592632,Pune,12,1,6,36847.5,0.5217721689336393,1,0.029850746268656716,1.9453607184606287
T0305,A067,11213,Travel,Credit,Delhi,2026-02-13 12:00:00,0,C067,Savings,225434,2018-09-18,38,Manager,1317987,Mumbai,12,4,3,18316.666666666668,0.6121747039423978,1,0.06666666666666667,0.049739613365786015
T0306,A064,9663,Restaurant,Credit,Bangalore,2026-01-05 05:00:00,0,C064,Current,270878,2023-01-18,25,Manager,1623518,Hyderabad,5,0,3,14491.666666666666,0.6667970093156088,1,0.0875,0.03567288594733892
T0307,A010,23766,Restaurant,Debit,Bangalore,2026-01-17 07:00:00,0,C010,Savings,355152,2022-07-11,21,Consultant,1989925,Mumbai,7,5,4,33826.5,0.7025852510006695,1,0.0875,0.06691782673145814
T0308,A014,8979,Travel,Credit,Delhi,2026-01-20 00:00:00,0,C014,Savings,394240,2018-08-25,43,Analyst,854740,Kolkata,0,1,5,12900.0,0.696046511088336,1,0.06666666666666667,0.022775466720201514
T0309,A057,22037,Electronics,Credit,Delhi,2026-01-28 20:00:00,0,C057,Savings,206953,2021-05-26,54,Consultant,1572119,Bangalore,20,2,8,24781.375,0.8892565481579385,1,0.1323529411764706,0.10648311451844221
T0310,A078,45666,Restaurant,Credit,Delhi,2026-01-13 15:00:00,0,C078,Current,53961,2021-09-21,50,Doctor,458093,Bangalore,15,1,6,35337.5,1.2922815702038113,1,0.0875,0.8462778671918092
T0311,A095,45644,Entertainment,Debit,Delhi,2026-02-10 15:00:00,0,C095,Current,326206,2022-12-31,36,Analyst,1546797,Hyderabad,15,1,8,29633.625,1.5402773027126189,1,0.038461538461538464,0.1399238517948804
T0312,A049,18469,Fuel,Debit,Chennai,2026-02-22 12:00:00,0,C049,Current,189101,2018-05-23,44,Consultant,638792,Chennai,12,6,6,27390.666666666668,0.6742807766608039,0,0.029850746268656716,0.09766738409116466
T0313,A070,87658,Restaurant,Debit,Bangalore,2026-02-13 17:00:00,1,C070,Current,217900,2021-03-11,51,Consultant,1153666,Mumbai,17,4,2,66264.5,1.3228500929875195,1,0.0875,0.4022854520237593
T0314,A038,45505,Electronics,Credit,Mumbai,2026-01-05 13:00:00,0,C038,Savings,99036,2020-04-24,31,Consultant,1727072,Bangalore,13,0,4,27162.25,1.6753030394480195,1,0.1323529411764706,0.45947938118871123
T0315,A033,43266,Restaurant,Debit,Bangalore,2026-01-10 22:00:00,0,C033,Savings,190429,2019-05-27,36,Manager,1477274,Chennai,22,5,4,23276.25,1.8588045746807134,1,0.0875,0.22720278947916533
T0316,A077,31507,Entertainment,Credit,Chennai,2026-02-07 12:00:00,0,C077,Current,275245,2018-06-23,29,Business,684802,Delhi,12,5,6,33929.333333333336,0.9286065152291212,1,0.038461538461538464,0.11446892767845122
T0317,A005,23662,Groceries,Debit,Mumbai,2026-02-14 17:00:00,0,C005,Savings,494296,2019-06-28,22,Engineer,758517,Mumbai,17,5,4,31623.25,0.7482469383291576,0,0.0,0.047870102124074033
T0318,A085,43661,Groceries,Credit,Delhi,2026-01-23 05:00:00,0,C085,Current,264196,2021-11-27,39,Business,1760858,Pune,5,4,8,29960.875,1.4572671854686263,1,0.0,0.16525988280801904
T0319,A056,7043,Fuel,Debit,Bangalore,2026-01-01 03:00:00,0,C056,Current,233796,2022-02-01,51,Analyst,646296,Delhi,3,3,11,23403.727272727272,0.30093497137945063,1,0.029850746268656716,0.030124553027848017
T0320,A048,25733,Fuel,Debit,Delhi,2026-01-30 21:00:00,0,C048,Current,458169,2019-11-04,53,Analyst,717146,Mumbai,21,4,8,24520.0,1.0494698201266437,1,0.029850746268656716,0.05616486492852714
T0321,A004,31738,Groceries,Debit,Mumbai,2026-01-07 09:00:00,0,C004,Savings,270229,2021-01-06,26,Analyst,1184834,Hyderabad,9,2,6,30908.666666666668,1.0268317404956004,1,0.0,0.11744853438685526
T0322,A045,20540,Fuel,Credit,Delhi,2026-01-22 14:00:00,0,C045,Current,188321,2022-07-31,50,Engineer,1814336,Pune,14,3,5,15663.2,1.3113540008993347,1,0.029850746268656716,0.1090690894744044
T0323,A061,6497,Travel,Debit,Delhi,2026-01-29 23:00:00,0,C061,Savings,353251,2020-06-02,28,Doctor,771224,Hyderabad,23,3,7,13761.42857142857,0.47211668189506734,1,0.06666666666666667,0.01839202153657337
T0324,A006,46681,Shopping,Debit,Mumbai,2026-01-08 00:00:00,0,C006,Savings,465990,2019-12-16,53,Analyst,355649,Chennai,0,3,8,35631.5,1.3101048226119851,1,0.029850746268656716,0.10017596943925457
T0325,A095,16085,Travel,Credit,Bangalore,2026-02-03 05:00:00,0,C095,Current,326206,2022-12-31,36,Analyst,1546797,Hyderabad,5,1,8,29633.625,0.5427955572283865,1,0.06666666666666667,0.04930933213830189
T0326,A030,26645,Shopping,Credit,Bangalore,2026-02-10 05:00:00,0,C030,Savings,166616,2018-09-19,34,Analyst,1805575,Delhi,5,1,10,32561.0,0.8183102482054266,1,0.029850746268656716,0.15991861524944073
T0327,A004,48425,Restaurant,Credit,Hyderabad,2026-02-09 06:00:00,0,C004,Savings,270229,2021-01-06,26,Analyst,1184834,Hyderabad,6,0,6,30908.666666666668,1.566712679863238,0,0.0875,0.17919986381257377
T0328,A091,14176,Entertainment,Debit,Chennai,2026-01-14 08:00:00,0,C091,Savings,486018,2021-02-15,54,Doctor,419285,Chennai,8,2,6,22854.166666666668,0.6202807654532956,0,0.038461538461538464,0.029167643996124266
T0329,A014,35285,Restaurant,Debit,Delhi,2026-01-12 11:00:00,0,C014,Savings,394240,2018-08-25,43,Analyst,854740,Kolkata,11,0,5,12900.0,2.735271315709092,1,0.0875,0.08950131899123627
T0330,A086,32178,Restaurant,Credit,Chennai,2026-02-03 20:00:00,0,C086,Savings,82369,2020-03-29,56,Manager,1806611,Bangalore,20,1,6,30531.166666666668,1.0539394167531737,1,0.0875,0.3906566790430069
T0331,A015,22901,Entertainment,Credit,Chennai,2026-01-23 14:00:00,0,C015,Savings,147788,2021-02-07,23,Manager,1263483,Chennai,14,4,3,44154.666666666664,0.5186541247768479,0,0.038461538461538464,0.1549584539911929
T0332,A076,5654,Electronics,Credit,Hyderabad,2026-02-13 04:00:00,0,C076,Savings,350427,2023-01-20,33,Doctor,1424672,Bangalore,4,4,7,26233.85714285714,0.21552301543214816,1,0.1323529411764706,0.01613460149999473
T0333,A024,24564,Restaurant,Debit,Chennai,2026-02-14 04:00:00,0,C024,Savings,393618,2019-06-21,25,Analyst,1631645,Mumbai,4,5,2,30206.0,0.8132159170981872,1,0.0875,0.062405682665365766
T0334,A050,27824,Shopping,Debit,Chennai,2026-01-12 15:00:00,0,C050,Current,361263,2021-08-06,54,Engineer,1556077,Delhi,15,0,4,30081.5,0.9249538749979377,1,0.029850746268656716,0.07701868167852731
T0335,A022,32189,Entertainment,Credit,Chennai,2026-01-19 04:00:00,0,C022,Savings,6858,2019-07-21,44,Doctor,1076325,Delhi,4,0,4,24135.5,1.3336786056499021,1,0.038461538461538464,4.693642454514957
T0336,A007,23629,Electronics,Credit,Chennai,2026-03-02 00:00:00,0,C007,Current,154415,2019-05-16,33,Manager,1662906,Pune,0,0,9,31656.333333333332,0.7464225165854892,1,0.1323529411764706,0.15302269856212009
T0337,A065,42899,Restaurant,Credit,Bangalore,2026-02-01 13:00:00,0,C065,Current,176013,2019-09-26,35,Engineer,365877,Kolkata,13,6,7,25509.85714285714,1.6816636699666996,1,0.0875,0.24372631565601824
T0338,A022,5517,Electronics,Credit,Hyderabad,2026-02-06 00:00:00,0,C022,Savings,6858,2019-07-21,44,Doctor,1076325,Delhi,0,4,4,24135.5,0.22858445019635623,1,0.1323529411764706,0.8044619410841909
T0339,A036,14835,Restaurant,Credit,Chennai,2026-02-04 09:00:00,0,C036,Savings,458302,2023-03-20,29,Analyst,1334977,Hyderabad,9,2,3,27114.333333333332,0.5471275952889145,1,0.0875,0.032369485622310845
T0340,A066,7519,Fuel,Credit,Chennai,2026-02-06 03:00:00,0,C066,Current,295671,2020-04-04,42,Engineer,1378263,Mumbai,3,4,4,24252.75,0.31002669787548764,1,0.029850746268656716,0.02543029245257633
T0341,A097,2826,Electronics,Credit,Hyderabad,2026-02-18 23:00:00,0,C097,Current,475395,2023-02-01,58,Analyst,1396354,Delhi,23,2,7,23246.85714285714,0.12156481976974132,1,0.1323529411764706,0.005944530337804467
T0342,A095,42939,Groceries,Credit,Delhi,2026-02-18 07:00:00,0,C095,Current,326206,2022-12-31,36,Analyst,1546797,Hyderabad,7,2,8,29633.625,1.448995861475268,1,0.0,0.13163154570634408
T0343,A045,5800,Electronics,Debit,Chennai,2026-01-29 03:00:00,0,C045,Current,188321,2022-07-31,50,Engineer,1814336,Pune,3,3,5,15663.2,0.3702947032724509,1,0.1323529411764706,0.03079847706677437
T0344,A089,23078,Restaurant,Debit,Chennai,2026-02-25 22:00:00,0,C089,Savings,97215,2020-05-20,24,Manager,957676,Hyderabad,22,2,5,19939.0,1.1574301614135964,1,0.0875,0.2373913490472261
T0345,A018,13641,Fuel,Credit,Chennai,2026-02-22 06:00:00,0,C018,Current,269979,2021-07-22,44,Analyst,703258,Pune,6,6,3,16955.0,0.8045414327310284,1,0.029850746268656716,0.05052615203217561
T0346,A036,39215,Shopping,Credit,Delhi,2026-02-04 05:00:00,0,C036,Savings,458302,2023-03-20,29,Analyst,1334977,Hyderabad,5,2,3,27114.333333333332,1.4462830232055803,1,0.029850746268656716,0.08556584959075968
T0347,A074,17620,Shopping,Debit,Mumbai,2026-03-02 16:00:00,0,C074,Current,359223,2020-06-23,27,Engineer,1144358,Pune,16,0,6,36237.5,0.48623663318765453,1,0.029850746268656716,0.049050311365111635
T0348,A097,27074,Entertainment,Debit,Mumbai,2026-02-28 01:00:00,0,C097,Current,475395,2023-02-01,58,Analyst,1396354,Delhi,1,5,7,23246.85714285714,1.1646305486362265,1,0.038461538461538464,0.056950535868973154
T0349,A032,9684,Entertainment,Credit,Bangalore,2026-02-15 10:00:00,0,C032,Savings,362599,2020-01-03,50,Doctor,855493,Mumbai,10,6,6,22097.0,0.4382495359377972,1,0.038461538461538464,0.026707188932492718
T0350,A019,37942,Restaurant,Credit,Hyderabad,2026-02-10 08:00:00,0,C019,Current,479657,2020-09-27,25,Engineer,1686769,Mumbai,8,1,7,24537.428571428572,1.5462907971015687,1,0.0875,0.0791023585587388
T0351,A082,6201,Shopping,Credit,Bangalore,2026-01-26 16:00:00,0,C082,Savings,254108,2018-04-05,51,Doctor,1141042,Hyderabad,16,0,7,18902.428571428572,0.3280530844640997,1,0.029850746268656716,0.024403009742928087
T0352,A063,21549,Entertainment,Debit,Bangalore,2026-02-07 00:00:00,0,C063,Savings,382358,2019-10-05,35,Analyst,761829,Hyderabad,0,5,3,28359.0,0.7598645929828751,1,0.038461538461538464,0.05635817741340947
T0353,A082,43625,Entertainment,Credit,Mumbai,2026-02-14 11:00:00,0,C082,Savings,254108,2018-04-05,51,Doctor,1141042,Hyderabad,11,5,7,18902.428571428572,2.3079045008460493,1,0.038461538461538464,0.17167897113937072
T0354,A055,13983,Travel,Credit,Chennai,2026-02-01 08:00:00,0,C055,Current,186239,2018-08-11,55,Consultant,563738,Mumbai,8,6,6,26098.833333333332,0.5357710751301382,1,0.06666666666666667,0.07508094437389157
T0355,A074,8658,Shopping,Debit,Hyderabad,2026-02-06 15:00:00,0,C074,Current,359223,2020-06-23,27,Engineer,1144358,Pune,15,4,6,36237.5,0.23892376675021074,1,0.029850746268656716,0.024102020192913538
T0356,A013,50353,Restaurant,Credit,Hyderabad,2026-02-20 14:00:00,1,C013,Savings,143656,2022-12-04,26,Business,502828,Delhi,14,4,6,26493.166666666668,1.900603299504676,1,0.0875,0.3505109427834194
T0357,A055,13359,Travel,Debit,Delhi,2026-02-14 04:00:00,0,C055,Current,186239,2018-08-11,55,Consultant,563738,Mumbai,4,5,6,26098.833333333332,0.5118619604279137,1,0.06666666666666667,0.07173041091974665
T0358,A012,42999,Shopping,Debit,Hyderabad,2026-01-24 08:00:00,0,C012,Savings,497269,2021-09-20,34,Consultant,1005889,Hyderabad,8,5,10,20200.8,2.1285790651218868,0,0.029850746268656716,0.08647030078113717
T0359,A051,41099,Electronics,Credit,Hyderabad,2026-01-20 23:00:00,0,C051,Current,497430,2022-09-24,52,Engineer,534603,Delhi,23,1,5,37557.6,1.0942924997618877,1,0.1323529411764706,0.08262268057651082
T0360,A091,6337,Electronics,Debit,Chennai,2026-01-01 06:00:00,0,C091,Savings,486018,2021-02-15,54,Doctor,419285,Chennai,6,3,6,22854.166666666668,0.27727985402634975,0,0.1323529411764706,0.01303861173839161
T0361,A088,29267,Entertainment,Debit,Bangalore,2026-01-01 00:00:00,0,C088,Savings,413116,2022-03-18,24,Analyst,1842952,Chennai,0,3,7,18792.428571428572,1.557382531650157,1,0.038461538461538464,0.07084450856246563
T0362,A089,8762,Groceries,Debit,Hyderabad,2026-01-31 02:00:00,0,C089,Savings,97215,2020-05-20,24,Manager,957676,Hyderabad,2,5,5,19939.0,0.4394402926729323,0,0.0,0.0901301239427938
T0363,A041,24188,Entertainment,Debit,Mumbai,2026-02-26 09:00:00,0,C041,Savings,144883,2021-10-03,56,Consultant,324077,Pune,9,3,7,22731.85714285714,1.0640573639606845,1,0.038461538461538464,0.16694850326353344
T0364,A009,34867,Electronics,Credit,Delhi,2026-02-06 00:00:00,0,C009,Current,325695,2021-01-17,58,Teacher,1997498,Kolkata,0,4,4,21495.25,1.622079295834159,1,0.1323529411764706,0.10705414574657104
T0365,A093,14062,Restaurant,Credit,Mumbai,2026-02-10 23:00:00,0,C093,Current,355002,2018-10-01,59,Engineer,1716023,Kolkata,23,1,4,31718.25,0.4433409786342749,1,0.0875,0.03961104444370423
T0366,A012,6684,Restaurant,Credit,Bangalore,2026-01-09 03:00:00,0,C012,Savings,497269,2021-09-20,34,Consultant,1005889,Hyderabad,3,4,10,20200.8,0.33087798486650133,1,0.0875,0.013441417019491635
T0367,A041,9263,Electronics,Credit,Hyderabad,2026-01-16 08:00:00,0,C041,Savings,144883,2021-10-03,56,Consultant,324077,Pune,8,4,7,22731.85714285714,0.4074898033060948,1,0.1323529411764706,0.06393434702042791
T0368,A085,19868,Electronics,Credit,Delhi,2026-01-14 16:00:00,0,C085,Current,264196,2021-11-27,39,Business,1760858,Pune,16,2,8,29960.875,0.6631315004441187,1,0.1323529411764706,0.07520174415679261
T0369,A083,3676,Groceries,Debit,Bangalore,2026-02-20 07:00:00,0,C083,Savings,243769,2021-06-05,31,Business,304520,Bangalore,7,4,6,28031.0,0.13114052294561718,0,0.0,0.01507985018541817
T0370,A082,39023,Groceries,Credit,Delhi,2026-01-05 16:00:00,0,C082,Savings,254108,2018-04-05,51,Doctor,1141042,Hyderabad,16,0,7,18902.428571428572,2.064443721180868,1,0.0,0.15356856139304673
T0371,A017,25451,Fuel,Debit,Bangalore,2026-02-25 18:00:00,0,C017,Savings,365446,2019-12-04,39,Consultant,1618353,Chennai,18,2,3,34596.0,0.735663082224632,1,0.029850746268656716,0.06964366828287506
T0372,A099,4883,Travel,Debit,Hyderabad,2026-01-02 18:00:00,0,C099,Savings,445330,2019-06-15,41,Doctor,857034,Bangalore,18,4,3,39361.666666666664,0.12405470632407468,1,0.06666666666666667,0.01096490243165821
T0373,A008,26181,Fuel,Credit,Bangalore,2026-02-02 09:00:00,0,C008,Current,442122,2018-11-20,55,Business,762297,Bangalore,9,0,5,27308.6,0.9587089777730426,0,0.029850746268656716,0.0592166867955176
T0374,A090,26463,Fuel,Debit,Delhi,2026-01-06 20:00:00,0,C090,Current,31328,2022-07-05,24,Analyst,1299897,Chennai,20,1,8,25083.5,1.054996311896268,1,0.029850746268656716,0.844707609536291
T0375,A011,20410,Entertainment,Debit,Chennai,2026-01-06 16:00:00,0,C011,Current,493508,2022-08-01,48,Teacher,882738,Mumbai,16,1,6,21242.333333333332,0.9608172355700957,1,0.038461538461538464,0.04135697901469972
T0376,A042,25706,Shopping,Debit,Delhi,2026-02-07 20:00:00,0,C042,Savings,205562,2018-11-23,28,Manager,1426108,Kolkata,20,5,3,42852.333333333336,0.5998739857184266,1,0.029850746268656716,0.12505229565167433
T0377,A090,28771,Groceries,Credit,Hyderabad,2026-02-16 07:00:00,0,C090,Current,31328,2022-07-05,24,Analyst,1299897,Chennai,7,0,8,25083.5,1.1470089895162123,1,0.0,0.918379723915226
T0378,A059,40227,Shopping,Debit,Hyderabad,2026-02-08 01:00:00,0,C059,Current,5886,2018-04-01,33,Manager,953716,Bangalore,1,6,7,32421.14285714286,1.240764403797991,1,0.029850746268656716,6.834352689713978
T0379,A002,72532,Travel,Credit,Mumbai,2026-01-09 22:00:00,1,C002,Savings,9883,2022-03-20,36,Doctor,592632,Pune,22,4,6,36847.5,1.9684374782635354,1,0.06666666666666667,7.3390670774673
T0380,A048,8418,Groceries,Debit,Delhi,2026-02-17 08:00:00,0,C048,Current,458169,2019-11-04,53,Analyst,717146,Mumbai,8,1,8,24520.0,0.3433115822417163,1,0.0,0.018373133057488108
T0381,A055,17924,Fuel,Debit,Bangalore,2026-02-03 02:00:00,0,C055,Current,186239,2018-08-11,55,Consultant,563738,Mumbai,2,1,6,26098.833333333332,0.6867739934658227,1,0.029850746268656716,0.09624192569245744
T0382,A059,33574,Fuel,Debit,Delhi,2026-01-24 01:00:00,0,C059,Current,5886,2018-04-01,33,Manager,953716,Bangalore,1,5,7,32421.14285714286,1.0355588061032082,1,0.029850746268656716,5.704043483343454
T0383,A021,16819,Shopping,Debit,Mumbai,2026-02-19 03:00:00,0,C021,Current,439817,2021-07-23,27,Business,882952,Bangalore,3,3,4,28508.75,0.5899592228386165,1,0.029850746268656716,0.03824090473905645
T0384,A095,33446,Groceries,Debit,Hyderabad,2026-01-01 01:00:00,0,C095,Current,326206,2022-12-31,36,Analyst,1546797,Hyderabad,1,3,8,29633.625,1.128650308179087,0,0.0,0.10253030293426453
T0385,A061,23953,Entertainment,Debit,Chennai,2026-01-25 04:00:00,0,C061,Savings,353251,2020-06-02,28,Doctor,771224,Hyderabad,4,6,7,13761.42857142857,1.7405896385150912,1,0.038461538461538464,0.06780730981461319
T0386,A092,48640,Electronics,Credit,Delhi,2026-02-11 13:00:00,0,C092,Savings,244317,2022-10-04,26,Consultant,689703,Hyderabad,13,2,5,21381.4,2.274874422500456,1,0.1323529411764706,0.19908561417342693
T0387,A035,5204,Shopping,Debit,Mumbai,2026-02-06 11:00:00,0,C035,Savings,490366,2022-03-15,58,Business,1059161,Mumbai,11,4,4,23056.5,0.22570641674768224,0,0.029850746268656716,0.010612481289269393
T0388,A029,33901,Restaurant,Credit,Delhi,2026-01-03 12:00:00,0,C029,Savings,230332,2021-02-05,41,Business,861493,Hyderabad,12,5,9,26018.333333333332,1.3029658569074503,1,0.0875,0.14718319642311173
T0389,A042,53151,Travel,Credit,Chennai,2026-02-05 14:00:00,1,C042,Savings,205562,2018-11-23,28,Manager,1426108,Kolkata,14,3,3,42852.333333333336,1.2403291922088264,1,0.06666666666666667,0.2585643260788198
T0390,A032,30503,Entertainment,Debit,Chennai,2026-01-24 18:00:00,0,C032,Savings,362599,2020-01-03,50,Doctor,855493,Mumbai,18,5,6,22097.0,1.380413630184906,1,0.038461538461538464,0.08412323254934174
T0391,A098,16164,Groceries,Debit,Chennai,2026-01-10 00:00:00,0,C098,Current,240966,2018-11-22,37,Doctor,1704517,Pune,0,5,7,29484.14285714286,0.5482268917511307,1,0.0,0.06708000298518961
T0392,A045,41777,Travel,Debit,Bangalore,2026-02-23 22:00:00,0,C045,Current,188321,2022-07-31,50,Engineer,1814336,Pune,22,0,5,15663.2,2.6672072101057207,1,0.06666666666666667,0.2218393062790746
T0393,A095,47758,Electronics,Credit,Bangalore,2026-01-20 03:00:00,0,C095,Current,326206,2022-12-31,36,Analyst,1546797,Hyderabad,3,1,8,29633.625,1.6116151832212173,1,0.1323529411764706,0.14640441928884187
T0394,A008,9430,Electronics,Credit,Delhi,2026-02-15 08:00:00,0,C008,Current,442122,2018-11-20,55,Business,762297,Bangalore,8,6,5,27308.6,0.345312465543707,1,0.1323529411764706,0.02132895445100382
T0395,A059,49114,Electronics,Credit,Hyderabad,2026-01-06 18:00:00,0,C059,Current,5886,2018-04-01,33,Manager,953716,Bangalore,18,1,7,32421.14285714286,1.5148756538676644,1,0.1323529411764706,8.344206577736653
T0396,A076,37312,Electronics,Debit,Delhi,2026-01-04 13:00:00,0,C076,Savings,350427,2023-01-20,33,Doctor,1424672,Bangalore,13,6,7,26233.85714285714,1.42228417966118,1,0.1323529411764706,0.1064758137898485
T0397,A034,20744,Shopping,Credit,Delhi,2026-03-01 12:00:00,0,C034,Current,330405,2022-05-17,37,Manager,1525965,Bangalore,12,6,3,26053.333333333332,0.7962128963167044,1,0.029850746268656716,0.06278355351575238
T0398,A058,17922,Electronics,Debit,Mumbai,2026-01-15 02:00:00,0,C058,Savings,138547,2023-01-17,34,Analyst,1883905,Pune,2,3,10,20025.2,0.8949723344111558,1,0.1323529411764706,0.12935682475049212
T0399,A014,10872,Groceries,Credit,Mumbai,2026-01-29 14:00:00,0,C014,Savings,394240,2018-08-25,43,Analyst,854740,Kolkata,14,3,5,12900.0,0.8427906970210925,1,0.0,0.027577110388910888
T0400,A058,20305,Groceries,Debit,Delhi,2026-01-30 08:00:00,0,C058,Savings,138547,2023-01-17,34,Analyst,1883905,Pune,8,4,10,20025.2,1.0139723942762258,1,0.0,0.14655676412000573
T0401,A091,45770,Entertainment,Credit,Mumbai,2026-02-08 01:00:00,0,C091,Savings,486018,2021-02-15,54,Doctor,419285,Chennai,1,6,6,22854.166666666668,2.0026982671273514,1,0.038461538461538464,0.09417346682439388
T0402,A012,46706,Groceries,Credit,Delhi,2026-01-16 11:00:00,0,C012,Savings,497269,2021-09-20,34,Consultant,1005889,Hyderabad,11,4,10,20200.8,2.3120866488891103,1,0.0,0.09392501844888933
T0403,A023,2136,Fuel,Debit,Hyderabad,2026-03-02 12:00:00,0,C023,Savings,339030,2019-11-15,34,Manager,859893,Pune,12,0,7,24857.571428571428,0.08592955290417367,1,0.029850746268656716,0.0063003274044686215
T0404,A060,6778,Groceries,Debit,Mumbai,2026-02-21 04:00:00,0,C060,Savings,195956,2020-11-30,44,Business,1385435,Bangalore,4,5,4,40365.25,0.1679167104953105,1,0.0,0.03458939761810869
T0405,A026,26352,Shopping,Debit,Chennai,2026-01-24 21:00:00,0,C026,Savings,44449,2018-01-20,50,Business,866121,Pune,21,5,4,16214.5,1.625212000601183,1,0.029850746268656716,0.5928592317953476
T0406,A076,44225,Electronics,Credit,Mumbai,2026-02-28 02:00:00,1,C076,Savings,350427,2023-01-20,33,Doctor,1424672,Bangalore,2,5,7,26233.85714285714,1.6857986129265567,1,0.1323529411764706,0.12620317498006137
T0407,A012,21828,Groceries,Debit,Chennai,2026-01-08 01:00:00,0,C012,Savings,497269,2021-09-20,34,Consultant,1005889,Hyderabad,1,3,10,20200.8,1.0805512647615187,1,0.0,0.0438957586327743
T0408,A056,84775,Restaurant,Debit,Delhi,2026-01-26 15:00:00,1,C056,Current,233796,2022-02-01,51,Analyst,646296,Delhi,15,0,11,23403.727272727272,3.62228626986979,0,0.0875,0.36260243971827566
T0409,A028,12365,Electronics,Debit,Chennai,2026-01-18 08:00:00,0,C028,Current,310402,2018-03-15,24,Doctor,367319,Kolkata,8,6,4,22719.0,0.5442581097124618,1,0.1323529411764706,0.039835439203360946
T0410,A080,40534,Restaurant,Credit,Hyderabad,2026-01-16 20:00:00,0,C080,Savings,427871,2019-09-28,55,Consultant,330949,Hyderabad,20,4,4,22699.0,1.7857174316993183,0,0.0875,0.09473416052747828
T0411,A012,18435,Shopping,Debit,Chennai,2026-01-25 04:00:00,0,C012,Savings,497269,2021-09-20,34,Consultant,1005889,Hyderabad,4,6,10,20200.8,0.9125876198405075,1,0.029850746268656716,0.03707248993930704
T0412,A003,25167,Fuel,Credit,Delhi,2026-02-20 22:00:00,0,C003,Savings,43409,2020-07-27,27,Manager,1853292,Chennai,22,4,4,14216.0,1.7703292052825483,1,0.029850746268656716,0.5797645648184099
T0413,A073,33024,Groceries,Credit,Chennai,2026-01-21 12:00:00,0,C073,Current,248787,2022-05-29,24,Manager,1670395,Pune,12,2,1,33024.0,0.9999999996971898,1,0.0,0.1327400547402903
T0414,A029,2020,Restaurant,Credit,Chennai,2026-02-27 08:00:00,0,C029,Savings,230332,2021-02-05,41,Business,861493,Hyderabad,8,4,9,26018.333333333332,0.07763756322683843,1,0.0875,0.00876994946387085
T0415,A030,10561,Travel,Debit,Mumbai,2026-01-07 07:00:00,0,C030,Savings,166616,2018-09-19,34,Analyst,1805575,Delhi,7,2,10,32561.0,0.32434507529733575,1,0.06666666666666667,0.06338526911800876
T0416,A074,25555,Fuel,Credit,Delhi,2026-01-23 05:00:00,0,C074,Current,359223,2020-06-23,27,Engineer,1144358,Pune,5,4,6,36237.5,0.7052086924580313,1,0.029850746268656716,0.07113965419610828
T0417,A076,1948,Fuel,Debit,Chennai,2026-02-15 22:00:00,0,C076,Savings,350427,2023-01-20,33,Doctor,1424672,Bangalore,22,6,7,26233.85714285714,0.07425518819629016,1,0.029850746268656716,0.005558932388042047
T0418,A025,32358,Groceries,Debit,Hyderabad,2026-02-04 09:00:00,0,C025,Current,299076,2020-06-23,55,Manager,813405,Mumbai,9,2,5,14750.0,2.19376271037711,1,0.0,0.10819323516068848
T0419,A030,39530,Groceries,Credit,Chennai,2026-01-15 00:00:00,0,C030,Savings,166616,2018-09-19,34,Analyst,1805575,Delhi,0,3,10,32561.0,1.2140290527889104,1,0.0,0.2372521246316529
T0420,A026,8651,Entertainment,Credit,Hyderabad,2026-01-22 22:00:00,0,C026,Savings,44449,2018-01-20,50,Business,866121,Pune,22,3,4,16214.5,0.5335347987705235,1,0.038461538461538464,0.19462755063226897
T0421,A003,9780,Entertainment,Debit,Chennai,2026-02-07 22:00:00,0,C003,Savings,43409,2020-07-27,27,Manager,1853292,Chennai,22,5,4,14216.0,0.6879572308047571,0,0.038461538461538464,0.22529890109762976
T0422,A047,4853,Restaurant,Debit,Delhi,2026-01-24 22:00:00,0,C047,Savings,213910,2018-02-18,53,Engineer,1611349,Delhi,22,5,4,31837.25,0.1524315070703558,0,0.0875,0.022687111400930902
T0423,A039,21242,Restaurant,Credit,Delhi,2026-01-09 05:00:00,0,C039,Current,415195,2022-02-17,59,Engineer,1106915,Bangalore,5,4,5,17501.8,1.2137037326368125,1,0.0875,0.051161502425338415
T0424,A023,46445,Fuel,Credit,Mumbai,2026-02-05 22:00:00,0,C023,Savings,339030,2019-11-15,34,Manager,859893,Pune,22,3,7,24857.571428571428,1.8684447961771284,1,0.029850746268656716,0.1369937763579331
T0425,A086,38697,Shopping,Credit,Mumbai,2026-02-22 05:00:00,0,C086,Savings,82369,2020-03-29,56,Manager,1806611,Bangalore,5,6,6,30531.166666666668,1.2674589349896688,1,0.029850746268656716,0.46980053169641484
T0426,A023,47864,Restaurant,Debit,Mumbai,2026-01-01 22:00:00,0,C023,Savings,339030,2019-11-15,34,Manager,859893,Pune,22,3,7,24857.571428571428,1.9255300188227382,1,0.0875,0.1411792466701714
T0427,A078,20954,Fuel,Debit,Bangalore,2026-02-28 19:00:00,0,C078,Current,53961,2021-09-21,50,Doctor,458093,Bangalore,19,5,6,35337.5,0.5929678102319157,0,0.029850746268656716,0.38831748848458747
T0428,A019,21803,Travel,Debit,Hyderabad,2026-02-17 02:00:00,0,C019,Current,479657,2020-09-27,25,Engineer,1686769,Mumbai,2,1,7,24537.428571428572,0.8885609153235333,1,0.06666666666666667,0.04545539833578045
T0429,A091,44010,Restaurant,Debit,Delhi,2026-02-10 23:00:00,0,C091,Savings,486018,2021-02-15,54,Doctor,419285,Chennai,23,1,6,22854.166666666668,1.9256882398137372,1,0.0875,0.09055220176844166
T0430,A027,16453,Entertainment,Debit,Hyderabad,2026-02-14 02:00:00,0,C027,Savings,291046,2023-04-20,56,Doctor,1735740,Delhi,2,5,1,16453.0,0.9999999993922081,1,0.038461538461538464,0.056530582792530024
T0431,A007,25392,Electronics,Credit,Bangalore,2026-01-29 23:00:00,0,C007,Current,154415,2019-05-16,33,Manager,1662906,Pune,23,3,9,31656.333333333332,0.8021143739108191,1,0.1323529411764706,0.16443998315160835
T0432,A049,23118,Restaurant,Debit,Mumbai,2026-02-04 12:00:00,0,C049,Current,189101,2018-05-23,44,Consultant,638792,Chennai,12,2,6,27390.666666666668,0.8440101247953037,1,0.0875,0.12225212980776136
T0433,A058,4930,Travel,Credit,Hyderabad,2026-02-21 01:00:00,0,C058,Savings,138547,2023-01-17,34,Analyst,1883905,Pune,1,5,10,20025.2,0.24618980072798782,1,0.06666666666666667,0.0355835925689056
T0434,A010,22500,Groceries,Debit,Delhi,2026-01-11 12:00:00,0,C010,Savings,355152,2022-07-11,21,Consultant,1989925,Mumbai,12,6,4,33826.5,0.6651589727979073,1,0.0,0.06335315583008534
T0435,A077,40315,Restaurant,Debit,Chennai,2026-02-27 15:00:00,0,C077,Current,275245,2018-06-23,29,Business,684802,Delhi,15,4,6,33929.333333333336,1.188204896101248,1,0.0875,0.1464695089775847
T0436,A056,10395,Electronics,Credit,Chennai,2026-01-04 03:00:00,0,C056,Current,233796,2022-02-01,51,Analyst,646296,Delhi,3,6,11,23403.727272727272,0.44416002094127355,1,0.1323529411764706,0.04446183852399264
T0437,A093,47939,Travel,Debit,Hyderabad,2026-02-04 08:00:00,0,C093,Current,355002,2018-10-01,59,Engineer,1716023,Kolkata,8,2,4,31718.25,1.5114011644679637,1,0.06666666666666667,0.1350386758346421
T0438,A007,25849,Electronics,Debit,Delhi,2026-02-06 17:00:00,0,C007,Current,154415,2019-05-16,33,Manager,1662906,Pune,17,4,9,31656.333333333332,0.8165506636429096,1,0.1323529411764706,0.16739954018926922
T0439,A001,28123,Shopping,Credit,Mumbai,2026-01-06 09:00:00,0,C001,Current,492073,2020-07-25,28,Engineer,1855144,Delhi,9,1,3,29504.333333333332,0.9531820181375,1,0.029850746268656716,0.0571520892213726
T0440,A013,1786,Groceries,Credit,Hyderabad,2026-01-14 05:00:00,0,C013,Savings,143656,2022-12-04,26,Business,502828,Delhi,5,2,6,26493.166666666668,0.06741360977330747,1,0.0,0.01243247758447733
T0441,A040,26148,Travel,Debit,Chennai,2026-01-31 15:00:00,0,C040,Current,425602,2023-03-22,59,Business,1409633,Delhi,15,5,5,29097.2,0.8986431681059884,1,0.06666666666666667,0.06143768121246052
T0442,A050,12216,Restaurant,Debit,Delhi,2026-01-24 12:00:00,0,C050,Current,361263,2021-08-06,54,Engineer,1556077,Delhi,12,5,4,30081.5,0.406096770305305,0,0.0875,0.03381470009290144
T0443,A057,30578,Fuel,Debit,Mumbai,2026-01-17 07:00:00,0,C057,Savings,206953,2021-05-26,54,Consultant,1572119,Bangalore,7,5,8,24781.375,1.2339105472420677,1,0.029850746268656716,0.1477533546192733
T0444,A097,45743,Travel,Credit,Chennai,2026-02-12 03:00:00,0,C097,Current,475395,2023-02-01,58,Analyst,1396354,Delhi,3,3,7,23246.85714285714,1.96770684739111,1,0.06666666666666667,0.09622103724068992
T0445,A030,36380,Restaurant,Credit,Chennai,2026-01-04 12:00:00,0,C030,Savings,166616,2018-09-19,34,Analyst,1805575,Delhi,12,6,10,32561.0,1.1172875522504568,1,0.0875,0.21834637728559406
T0446,A031,31312,Entertainment,Debit,Chennai,2026-01-20 02:00:00,0,C031,Savings,476295,2020-01-17,34,Manager,1346963,Bangalore,2,1,5,21934.2,1.4275423760941623,1,0.038461538461538464,0.06574076989962647
T0447,A074,33970,Fuel,Debit,Hyderabad,2026-02-21 18:00:00,0,C074,Current,359223,2020-06-23,27,Engineer,1144358,Pune,18,5,6,36237.5,0.9374266986029867,1,0.029850746268656716,0.09456521436281738
T0448,A097,29528,Entertainment,Debit,Mumbai,2026-01-12 05:00:00,0,C097,Current,475395,2023-02-01,58,Analyst,1396354,Delhi,5,0,7,23246.85714285714,1.2701932052940275,1,0.038461538461538464,0.06211255902855283
T0449,A006,27846,Entertainment,Debit,Chennai,2026-01-06 21:00:00,0,C006,Savings,465990,2019-12-16,53,Analyst,355649,Chennai,21,1,8,35631.5,0.7814995156584764,0,0.038461538461538464,0.05975664713706825
T0450,A034,21055,Groceries,Debit,Bangalore,2026-02-28 23:00:00,0,C034,Current,330405,2022-05-17,37,Manager,1525965,Bangalore,23,5,3,26053.333333333332,0.8081499485127368,0,0.0,0.06372482256431576
T0451,A072,26141,Fuel,Credit,Hyderabad,2026-02-05 10:00:00,0,C072,Savings,230385,2019-08-11,43,Business,1162143,Bangalore,10,3,4,19026.0,1.3739619460874792,1,0.029850746268656716,0.11346658853165499
T0452,A090,40932,Groceries,Credit,Mumbai,2026-02-07 16:00:00,0,C090,Current,31328,2022-07-05,24,Analyst,1299897,Chennai,16,5,8,25083.5,1.6318296881887178,1,0.0,1.3065628187862095
T0453,A019,37232,Groceries,Debit,Chennai,2026-02-07 18:00:00,0,C019,Current,479657,2020-09-27,25,Engineer,1686769,Mumbai,18,5,7,24537.428571428572,1.5173554097750672,1,0.0,0.07762213414840975
T0454,A100,6718,Travel,Credit,Delhi,2026-02-20 09:00:00,0,C100,Current,406506,2021-07-29,29,Manager,1653713,Delhi,9,4,4,21096.5,0.31844144748254855,0,0.06666666666666667,0.0165262013348751
T0455,A050,43012,Groceries,Debit,Delhi,2026-02-01 18:00:00,0,C050,Current,361263,2021-08-06,54,Engineer,1556077,Delhi,18,6,4,30081.5,1.4298489099845921,0,0.0,0.11906007534347386
T0456,A052,9527,Restaurant,Debit,Bangalore,2026-02-09 19:00:00,0,C052,Savings,464820,2018-02-26,40,Doctor,421477,Mumbai,19,0,6,33039.333333333336,0.2883532758061038,1,0.0875,0.020496106019093494
T0457,A043,45353,Travel,Credit,Hyderabad,2026-01-16 01:00:00,0,C043,Savings,455150,2022-11-22,38,Consultant,1644194,Delhi,1,4,8,34359.5,1.3199551794059996,1,0.06666666666666667,0.09964407338021214
T0458,A044,19961,Entertainment,Debit,Mumbai,2026-01-20 08:00:00,0,C044,Savings,109633,2020-08-21,28,Teacher,1211768,Mumbai,8,1,3,18869.0,1.0578727006953879,0,0.038461538461538464,0.18207109171672115
T0459,A018,19792,Travel,Credit,Bangalore,2026-02-17 14:00:00,0,C018,Current,269979,2021-07-22,44,Analyst,703258,Pune,14,1,3,16955.0,1.1673252720924063,1,0.06666666666666667,0.07330940554364193
T0460,A078,42407,Entertainment,Credit,Bangalore,2026-01-06 06:00:00,0,C078,Current,53961,2021-09-21,50,Doctor,458093,Bangalore,6,1,6,35337.5,1.2000565967598,0,0.038461538461538464,0.7858823964000143
T0461,A098,33949,Fuel,Debit,Hyderabad,2026-02-25 11:00:00,0,C098,Current,240966,2018-11-22,37,Doctor,1704517,Pune,11,2,7,29484.14285714286,1.1514324887440692,1,0.029850746268656716,0.1408870960989979
T0462,A040,46602,Entertainment,Debit,Mumbai,2026-02-02 12:00:00,0,C040,Current,425602,2023-03-22,59,Business,1409633,Delhi,12,0,5,29097.2,1.6015974040108336,1,0.038461538461538464,0.10949666589655366
T0463,A025,13254,Restaurant,Debit,Delhi,2026-02-23 01:00:00,0,C025,Current,299076,2020-06-23,55,Manager,813405,Mumbai,1,0,5,14750.0,0.8985762705772364,1,0.0875,0.044316494802514525
T0464,A091,13148,Fuel,Credit,Hyderabad,2026-01-18 11:00:00,0,C091,Savings,486018,2021-02-15,54,Doctor,419285,Chennai,11,6,6,22854.166666666668,0.5752999085905707,1,0.029850746268656716,0.02705249599753399
T0465,A088,2102,Restaurant,Debit,Bangalore,2026-01-16 11:00:00,0,C088,Savings,413116,2022-03-18,24,Analyst,1842952,Chennai,11,4,7,18792.428571428572,0.1118535579843725,1,0.0875,0.0050881592578092315
T0466,A076,36232,Travel,Debit,Delhi,2026-01-23 11:00:00,0,C076,Savings,350427,2023-01-20,33,Doctor,1424672,Bangalore,11,4,7,26233.85714285714,1.3811160055071794,1,0.06666666666666667,0.10339385948846995
T0467,A004,25433,Entertainment,Debit,Mumbai,2026-01-04 05:00:00,0,C004,Savings,270229,2021-01-06,26,Analyst,1184834,Hyderabad,5,6,6,30908.666666666668,0.8228436466073668,1,0.038461538461538464,0.09411647158172821
T0468,A083,14852,Restaurant,Debit,Hyderabad,2026-02-13 06:00:00,0,C083,Savings,243769,2021-06-05,31,Business,304520,Bangalore,6,4,6,28031.0,0.529841960497363,1,0.0875,0.0609265329036536
T0469,A061,8771,Groceries,Debit,Delhi,2026-02-11 05:00:00,0,C061,Savings,353251,2020-06-02,28,Doctor,771224,Hyderabad,5,2,7,13761.42857142857,0.6373611539020526,1,0.0,0.02482937061679006
T0470,A078,20118,Restaurant,Credit,Delhi,2026-02-15 22:00:00,0,C078,Current,53961,2021-09-21,50,Doctor,458093,Bangalore,22,6,6,35337.5,0.5693102226899723,1,0.0875,0.3728248178549647
T0471,A059,16614,Fuel,Credit,Chennai,2026-01-14 14:00:00,0,C059,Current,5886,2018-04-01,33,Manager,953716,Bangalore,14,2,7,32421.14285714286,0.5124433789419998,1,0.029850746268656716,2.8226299646234625
T0472,A014,581,Entertainment,Credit,Chennai,2026-02-02 21:00:00,0,C014,Savings,394240,2018-08-25,43,Analyst,854740,Kolkata,21,0,5,12900.0,0.04503875965500871,1,0.038461538461538464,0.0014737215908717095
T0473,A083,39013,Groceries,Credit,Hyderabad,2026-02-08 09:00:00,0,C083,Savings,243769,2021-06-05,31,Business,304520,Bangalore,9,6,6,28031.0,1.3917805282038527,1,0.0,0.16004085834704
T0474,A044,18219,Travel,Credit,Mumbai,2026-02-10 10:00:00,0,C044,Savings,109633,2020-08-21,28,Teacher,1211768,Mumbai,10,1,3,18869.0,0.9655519630263649,0,0.06666666666666667,0.16618171534426845
T0475,A020,34001,Entertainment,Credit,Delhi,2026-02-18 07:00:00,0,C020,Savings,53390,2023-02-03,39,Engineer,788197,Kolkata,7,2,6,29383.666666666668,1.157139453497814,1,0.038461538461538464,0.6368421051438767
T0476,A088,9270,Travel,Credit,Bangalore,2026-02-16 00:00:00,0,C088,Savings,413116,2022-03-18,24,Analyst,1842952,Chennai,0,0,7,18792.428571428572,0.49328376903669513,1,0.06666666666666667,0.022439218039910357
T0477,A052,25545,Fuel,Debit,Delhi,2026-02-17 01:00:00,0,C052,Savings,464820,2018-02-26,40,Doctor,421477,Mumbai,1,1,6,33039.333333333336,0.7731693534656158,1,0.029850746268656716,0.05495675745331619
T0478,A093,46851,Entertainment,Credit,Delhi,2026-01-15 21:00:00,0,C093,Current,355002,2018-10-01,59,Engineer,1716023,Kolkata,21,3,4,31718.25,1.4770991459247913,1,0.038461538461538464,0.13197390436865217
T0479,A065,19773,Fuel,Debit,Delhi,2026-02-24 05:00:00,0,C065,Current,176013,2019-09-26,35,Engineer,365877,Kolkata,5,1,7,25509.85714285714,0.7751121412212767,1,0.029850746268656716,0.11233829318787032
T0480,A013,30953,Entertainment,Debit,Delhi,2026-01-09 23:00:00,0,C013,Savings,143656,2022-12-04,26,Business,502828,Delhi,23,4,6,26493.166666666668,1.16833900521455,0,0.038461538461538464,0.2154661134783465
T0481,A084,5952,Entertainment,Credit,Bangalore,2026-01-15 11:00:00,0,C084,Savings,381620,2020-04-28,37,Consultant,1946535,Bangalore,11,3,5,35632.6,0.16703804937977074,0,0.038461538461538464,0.015596666840951819
T0482,A043,24458,Entertainment,Debit,Bangalore,2026-01-17 18:00:00,0,C043,Savings,455150,2022-11-22,38,Consultant,1644194,Delhi,18,5,8,34359.5,0.7118264233438127,1,0.038461538461538464,0.053736130944661405
T0483,A007,41675,Groceries,Credit,Mumbai,2026-02-07 18:00:00,0,C007,Current,154415,2019-05-16,33,Manager,1662906,Pune,18,5,9,31656.333333333332,1.3164822200981956,1,0.0,0.26988958324839624
T0484,A065,7952,Travel,Credit,Hyderabad,2026-02-25 21:00:00,0,C065,Current,176013,2019-09-26,35,Engineer,365877,Kolkata,21,2,7,25509.85714285714,0.3117226393056993,1,0.06666666666666667,0.0451784811323494
T0485,A020,9102,Fuel,Credit,Mumbai,2026-01-13 10:00:00,0,C020,Savings,53390,2023-02-03,39,Engineer,788197,Kolkata,10,1,6,29383.666666666668,0.3097639277002766,1,0.029850746268656716,0.1704813635192955
T0486,A041,47002,Shopping,Debit,Delhi,2026-01-12 02:00:00,0,C041,Savings,144883,2021-10-03,56,Consultant,324077,Pune,2,0,7,22731.85714285714,2.067670920327439,1,0.029850746268656716,0.324413492243782
T0487,A082,3901,Entertainment,Debit,Chennai,2026-01-01 14:00:00,0,C082,Savings,254108,2018-04-05,51,Doctor,1141042,Hyderabad,14,3,7,18902.428571428572,0.20637559788654297,1,0.038461538461538464,0.015351740204348083
T0488,A098,10483,Restaurant,Credit,Bangalore,2026-02-01 02:00:00,0,C098,Current,240966,2018-11-22,37,Doctor,1704517,Pune,2,6,7,29484.14285714286,0.355547049383018,1,0.0875,0.04350406281203555
T0489,A055,53068,Shopping,Credit,Hyderabad,2026-01-25 00:00:00,1,C055,Current,186239,2018-08-11,55,Consultant,563738,Mumbai,0,6,6,26098.833333333332,2.0333475945795736,1,0.029850746268656716,0.2849456880521832
T0490,A042,49700,Shopping,Debit,Mumbai,2026-02-23 16:00:00,0,C042,Savings,205562,2018-11-23,28,Manager,1426108,Kolkata,16,0,3,42852.333333333336,1.159796821372668,1,0.029850746268656716,0.2417762037613092
T0491,A029,45550,Groceries,Credit,Chennai,2026-02-26 11:00:00,0,C029,Savings,230332,2021-02-05,41,Business,861493,Hyderabad,11,3,9,26018.333333333332,1.7506886163279656,1,0.0,0.19775801885114713
T0492,A076,20161,Travel,Credit,Bangalore,2026-01-11 02:00:00,0,C076,Savings,350427,2023-01-20,33,Doctor,1424672,Bangalore,2,6,7,26233.85714285714,0.7685107028877854,0,0.06666666666666667,0.05753266728712306
T0493,A094,34197,Shopping,Debit,Delhi,2026-02-08 16:00:00,0,C094,Current,400968,2020-12-23,36,Business,551420,Chennai,16,6,3,38866.333333333336,0.8798617481591106,1,0.029850746268656716,0.08528610761743366
T0494,A063,23643,Entertainment,Credit,Hyderabad,2026-02-18 06:00:00,0,C063,Savings,382358,2019-10-05,35,Analyst,761829,Hyderabad,6,2,3,28359.0,0.8337035858691408,0,0.038461538461538464,0.061834720339005986
T0495,A030,14801,Groceries,Debit,Hyderabad,2026-02-16 04:00:00,0,C030,Savings,166616,2018-09-19,34,Analyst,1805575,Delhi,4,0,10,32561.0,0.4545622061808414,1,0.0,0.08883300522825942
T0496,A047,46703,Shopping,Credit,Chennai,2026-02-11 01:00:00,0,C047,Savings,213910,2018-02-18,53,Engineer,1611349,Delhi,1,2,4,31837.25,1.4669294610976358,1,0.029850746268656716,0.2183301388332322
T0497,A080,3284,Shopping,Debit,Hyderabad,2026-02-08 01:00:00,0,C080,Savings,427871,2019-09-28,55,Consultant,330949,Hyderabad,1,6,4,22699.0,0.1446759768515459,0,0.029850746268656716,0.007675210518878933
T0498,A089,7688,Fuel,Credit,Bangalore,2026-01-27 14:00:00,0,C089,Savings,97215,2020-05-20,24,Manager,957676,Hyderabad,14,1,5,19939.0,0.38557600662742564,1,0.029850746268656716,0.07908244611643445
T0499,A090,10135,Groceries,Credit,Bangalore,2026-01-14 22:00:00,0,C090,Current,31328,2022-07-05,24,Analyst,1299897,Chennai,22,2,8,25083.5,0.40405047126435684,1,0.0,0.32351251266486447
T0500,A085,6717,Fuel,Debit,Bangalore,2026-02-12 16:00:00,0,C085,Current,264196,2021-11-27,39,Business,1760858,Pune,16,3,8,29960.875,0.2241923841596107,1,0.029850746268656716,0.02542430619595208
